Date,state,incidence,Death,,
5/1/2011,Bauchi,1,20,,
5/1/2011,Borno,1,1,,
5/1/2011,Kaduna,2,8,,
6/1/2011,Bayelsa,1,2,,
6/1/2011,Borno,13,51,,
6/1/2011,Federal Capital Territory,1,2,,
6/1/2011,Katsina,2,7,,
7/1/2011,Akwa Ibom,1,3,,
7/1/2011,Bauchi,1,0,,
7/1/2011,Bayelsa,1,5,,
7/1/2011,Borno,14,88,,
7/1/2011,Kaduna,1,0,,
7/1/2011,Niger,2,4,,
7/1/2011,Plateau,1,5,,
8/1/2011,Adamawa,1,16,,
8/1/2011,Anambra,4,17,,
8/1/2011,Bauchi,3,0,,
8/1/2011,Borno,14,19,,
8/1/2011,Delta,2,2,,
8/1/2011,Federal Capital Territory,1,23,,
8/1/2011,Plateau,8,60,,
9/1/2011,Bauchi,1,7,,
9/1/2011,Borno,4,6,,
9/1/2011,Federal Capital Territory,1,2,,
9/1/2011,Kaduna,1,4,,
9/1/2011,Nassarawa,1,1,,
9/1/2011,Plateau,8,89,,
10/1/2011,Anambra,1,2,,
10/1/2011,Bauchi,1,2,,
10/1/2011,Benue,1,15,,
10/1/2011,Borno,15,18,,
10/1/2011,Ekiti,1,1,,
10/1/2011,Enugu,1,1,,
10/1/2011,Gombe,1,4,,
10/1/2011,Kaduna,1,0,,
10/1/2011,Niger,1,1,,
10/1/2011,Ogun,1,0,,
10/1/2011,Osun,1,1,,
10/1/2011,Plateau,3,3,,
11/1/2011,Adamawa,1,1,,
11/1/2011,Akwa Ibom,1,2,,
11/1/2011,Bauchi,2,4,,
11/1/2011,Bayelsa,2,5,,
11/1/2011,Benue,1,1,,
11/1/2011,Borno,11,13,,
11/1/2011,Delta,3,2,,
11/1/2011,Kaduna,3,4,,
11/1/2011,Kogi,3,10,,
11/1/2011,Lagos,4,10,,
11/1/2011,Ogun,2,23,,
11/1/2011,Plateau,3,29,,
11/1/2011,Yobe,2,154,,
12/1/2011,Adamawa,2,11,,
12/1/2011,Anambra,1,0,,
12/1/2011,Bauchi,1,7,,
12/1/2011,Bayelsa,1,3,,
12/1/2011,Borno,13,51,,
12/1/2011,Delta,3,3,,
12/1/2011,Ebonyi,1,60,,
12/1/2011,Ekiti,2,1,,
12/1/2011,Gombe,1,0,,
12/1/2011,Imo,1,5,,
12/1/2011,Kaduna,4,19,,
12/1/2011,Kano,4,22,,
12/1/2011,Kogi,3,21,,
12/1/2011,Niger,1,35,,
12/1/2011,Ondo,1,1,,
12/1/2011,Plateau,3,6,,
12/1/2011,Rivers,2,9,,
12/1/2011,Taraba,2,7,,
12/1/2011,Yobe,7,179,,
1/1/2012,Adamawa,8,51,,
1/1/2012,Anambra,1,3,,
1/1/2012,Bauchi,2,15,,
1/1/2012,Bayelsa,2,2,,
1/1/2012,Borno,16,53,,
1/1/2012,Delta,1,0,,
1/1/2012,Ebonyi,1,1,,
1/1/2012,Edo,3,8,,
1/1/2012,Gombe,4,13,,
1/1/2012,Jigawa,1,1,,
1/1/2012,Kaduna,2,2,,
1/1/2012,Kano,10,232,,
1/1/2012,Kogi,2,2,,
1/1/2012,Kwara,1,2,,
1/1/2012,Lagos,1,3,,
1/1/2012,Niger,1,2,,
1/1/2012,Ogun,1,4,,
1/1/2012,Osun,1,1,,
1/1/2012,Oyo,1,2,,
1/1/2012,Plateau,1,1,,
1/1/2012,Rivers,2,10,,
1/1/2012,Yobe,8,22,,
2/1/2012,Adamawa,4,9,,
2/1/2012,Akwa Ibom,1,3,,
2/1/2012,Anambra,1,1,,
2/1/2012,Bauchi,1,1,,
2/1/2012,Bayelsa,2,2,,
2/1/2012,Borno,19,147,,
2/1/2012,Delta,5,3,,
2/1/2012,Enugu,2,2,,
2/1/2012,Gombe,1,14,,
2/1/2012,Kaduna,9,15,,
2/1/2012,Kano,7,22,,
2/1/2012,Katsina,1,1,,
2/1/2012,Kogi,3,5,,
2/1/2012,Lagos,4,27,,
2/1/2012,Nassarawa,1,4,,
2/1/2012,Niger,4,6,,
2/1/2012,Plateau,2,16,,
2/1/2012,Taraba,1,3,,
2/1/2012,Yobe,5,7,,
2/1/2012,Zamfara,1,1,,
3/1/2012,Adamawa,5,19,,
3/1/2012,Bayelsa,2,10,,
3/1/2012,Benue,3,46,,
3/1/2012,Borno,21,53,,
3/1/2012,Delta,4,19,,
3/1/2012,Ebonyi,0,0,,
3/1/2012,Edo,1,2,,
3/1/2012,Enugu,1,3,,
3/1/2012,Gombe,2,6,,
3/1/2012,Imo,1,1,,
3/1/2012,Kaduna,1,10,,
3/1/2012,Kano,14,35,,
3/1/2012,Kogi,3,23,,
3/1/2012,Lagos,3,3,,
3/1/2012,Nassarawa,2,28,,
3/1/2012,Niger,1,0,,
3/1/2012,Plateau,7,42,,
3/1/2012,Rivers,2,3,,
3/1/2012,Sokoto,2,10,,
3/1/2012,Taraba,2,16,,
3/1/2012,Yobe,5,12,,
4/1/2012,Adamawa,3,4,,
4/1/2012,Anambra,4,11,,
4/1/2012,Bauchi,1,2,,
4/1/2012,Bayelsa,2,1,,
4/1/2012,Benue,1,3,,
4/1/2012,Borno,23,86,,
4/1/2012,Delta,1,4,,
4/1/2012,Edo,2,2,,
4/1/2012,Enugu,1,1,,
4/1/2012,Imo,1,1,,
4/1/2012,Kaduna,11,54,,
4/1/2012,Kano,16,39,,
4/1/2012,Katsina,1,3,,
4/1/2012,Niger,1,1,,
4/1/2012,Ogun,2,16,,
4/1/2012,Ondo,1,0,,
4/1/2012,Plateau,10,36,,
4/1/2012,Sokoto,1,1,,
4/1/2012,Taraba,3,22,,
4/1/2012,Yobe,4,7,,
5/1/2012,Adamawa,1,15,,
5/1/2012,Bauchi,3,8,,
5/1/2012,Bayelsa,1,1,,
5/1/2012,Benue,1,15,,
5/1/2012,Borno,11,41,,
5/1/2012,Cross River,1,40,,
5/1/2012,Edo,1,1,,
5/1/2012,Gombe,1,1,,
5/1/2012,Kaduna,5,8,,
5/1/2012,Kano,11,34,,
5/1/2012,Lagos,1,2,,
5/1/2012,Nassarawa,1,2,,
5/1/2012,Ogun,1,1,,
5/1/2012,Plateau,2,7,,
5/1/2012,Rivers,1,1,,
5/1/2012,Sokoto,1,3,,
5/1/2012,Taraba,1,1,,
5/1/2012,Yobe,5,63,,
6/1/2012,Adamawa,1,5,,
6/1/2012,Anambra,3,30,,
6/1/2012,Bauchi,2,33,,
6/1/2012,Bayelsa,1,6,,
6/1/2012,Benue,2,3,,
6/1/2012,Borno,8,150,,
6/1/2012,Enugu,1,1,,
6/1/2012,Gombe,3,4,,
6/1/2012,Kaduna,6,99,,
6/1/2012,Kano,9,57,,
6/1/2012,Nassarawa,1,30,,
6/1/2012,Ogun,1,1,,
6/1/2012,Plateau,7,35,,
6/1/2012,Sokoto,1,2,,
6/1/2012,Taraba,3,17,,
6/1/2012,Yobe,6,194,,
6/1/2012,Zamfara,1,27,,
7/1/2012,Adamawa,1,8,,
7/1/2012,Bauchi,5,12,,
7/1/2012,Bayelsa,1,2,,
7/1/2012,Borno,10,46,,
7/1/2012,Delta,1,1,,
7/1/2012,Edo,1,6,,
7/1/2012,Enugu,1,1,,
7/1/2012,Gombe,1,2,,
7/1/2012,Kaduna,4,6,,
7/1/2012,Kano,6,16,,
7/1/2012,Kogi,1,2,,
7/1/2012,Lagos,1,1,,
7/1/2012,Plateau,4,93,,
7/1/2012,Rivers,1,1,,
7/1/2012,Yobe,3,5,,
8/1/2012,Adamawa,2,5,,
8/1/2012,Bauchi,1,2,,
8/1/2012,Bayelsa,1,1,,
8/1/2012,Borno,13,64,,
8/1/2012,Enugu,2,6,,
8/1/2012,Gombe,1,1,,
8/1/2012,Kaduna,2,4,,
8/1/2012,Kano,1,1,,
8/1/2012,Kogi,5,32,,
8/1/2012,Lagos,1,1,,
8/1/2012,Plateau,2,5,,
8/1/2012,Rivers,2,7,,
8/1/2012,Taraba,1,2,,
8/1/2012,Yobe,8,27,,
9/1/2012,Adamawa,4,11,,
9/1/2012,Bauchi,6,20,,
9/1/2012,Borno,10,52,,
9/1/2012,Delta,1,1,,
9/1/2012,Kaduna,2,4,,
9/1/2012,Kano,3,7,,
9/1/2012,Lagos,5,15,,
9/1/2012,Niger,1,2,,
9/1/2012,Plateau,3,5,,
9/1/2012,Sokoto,1,3,,
9/1/2012,Yobe,4,94,,
10/1/2012,Adamawa,2,66,,
10/1/2012,Akwa Ibom,1,1,,
10/1/2012,Anambra,3,7,,
10/1/2012,Bauchi,5,8,,
10/1/2012,Bayelsa,3,3,,
10/1/2012,Benue,2,30,,
10/1/2012,Borno,17,122,,
10/1/2012,Delta,2,4,,
10/1/2012,Edo,1,0,,
10/1/2012,Ekiti,2,0,,
10/1/2012,Enugu,2,1,,
10/1/2012,Federal Capital Territory,4,5,,
10/1/2012,Gombe,2,2,,
10/1/2012,Imo,1,3,,
10/1/2012,Jigawa,1,0,,
10/1/2012,Kaduna,8,46,,
10/1/2012,Kano,3,5,,
10/1/2012,Katsina,2,4,,
10/1/2012,Kogi,1,1,,
10/1/2012,Lagos,5,13,,
10/1/2012,Nassarawa,2,14,,
10/1/2012,Niger,1,0,,
10/1/2012,Ogun,5,11,,
10/1/2012,Ondo,2,0,,
10/1/2012,Osun,1,0,,
10/1/2012,Oyo,2,5,,
10/1/2012,Plateau,12,41,,
10/1/2012,Rivers,4,22,,
10/1/2012,Taraba,1,1,,
10/1/2012,Yobe,12,115,,
10/1/2012,Zamfara,1,20,,
11/1/2012,Adamawa,1,2,,
11/1/2012,Bauchi,5,7,,
11/1/2012,Bayelsa,2,10,,
11/1/2012,Benue,4,1,,
11/1/2012,Borno,26,118,,
11/1/2012,Delta,8,29,,
11/1/2012,Ebonyi,2,2,,
11/1/2012,Edo,4,33,,
11/1/2012,Ekiti,3,0,,
11/1/2012,Enugu,2,0,,
11/1/2012,Federal Capital Territory,4,3,,
11/1/2012,Jigawa,1,0,,
11/1/2012,Kaduna,6,44,,
11/1/2012,Kano,9,19,,
11/1/2012,Kogi,3,4,,
11/1/2012,Kwara,1,4,,
11/1/2012,Lagos,9,20,,
11/1/2012,Nassarawa,5,19,,
11/1/2012,Ogun,7,8,,
11/1/2012,Osun,3,0,,
11/1/2012,Oyo,3,0,,
11/1/2012,Plateau,13,76,,
11/1/2012,Rivers,1,14,,
11/1/2012,Sokoto,2,0,,
11/1/2012,Taraba,2,11,,
11/1/2012,Yobe,8,22,,
12/1/2012,Adamawa,5,36,,
12/1/2012,Anambra,1,1,,
12/1/2012,Bauchi,3,17,,
12/1/2012,Benue,1,5,,
12/1/2012,Borno,22,117,,
12/1/2012,Cross River,2,4,,
12/1/2012,Delta,3,4,,
12/1/2012,Edo,1,1,,
12/1/2012,Enugu,5,3,,
12/1/2012,Federal Capital Territory,3,3,,
12/1/2012,Imo,2,0,,
12/1/2012,Kaduna,5,10,,
12/1/2012,Kano,6,10,,
12/1/2012,Katsina,2,3,,
12/1/2012,Kwara,1,0,,
12/1/2012,Lagos,2,11,,
12/1/2012,Ogun,3,8,,
12/1/2012,Ondo,2,2,,
12/1/2012,Osun,1,2,,
12/1/2012,Plateau,8,22,,
12/1/2012,Taraba,1,1,,
12/1/2012,Yobe,8,77,,
12/1/2012,Zamfara,2,11,,
1/1/2013,Adamawa,3,8,,
1/1/2013,Anambra,4,53,,
1/1/2013,Benue,3,8,,
1/1/2013,Borno,17,310,,
1/1/2013,Cross River,2,18,,
1/1/2013,Delta,5,10,,
1/1/2013,Ebonyi,1,0,,
1/1/2013,Gombe,4,7,,
1/1/2013,Imo,2,2,,
1/1/2013,Kaduna,5,12,,
1/1/2013,Kano,9,33,,
1/1/2013,Kogi,1,2,,
1/1/2013,Kwara,1,10,,
1/1/2013,Lagos,6,21,,
1/1/2013,Nassarawa,6,24,,
1/1/2013,Ogun,2,51,,
1/1/2013,Oyo,3,3,,
1/1/2013,Plateau,4,30,,
1/1/2013,Rivers,1,6,,
1/1/2013,Sokoto,1,1,,
1/1/2013,Zamfara,1,10,,
2/1/2013,Adamawa,3,16,,
2/1/2013,Anambra,1,10,,
2/1/2013,Bauchi,3,4,,
2/1/2013,Bayelsa,1,3,,
2/1/2013,Benue,2,9,,
2/1/2013,Borno,25,287,,
2/1/2013,Delta,7,11,,
2/1/2013,Gombe,6,21,,
2/1/2013,Kaduna,3,10,,
2/1/2013,Kano,6,30,,
2/1/2013,Lagos,3,4,,
2/1/2013,Nassarawa,3,16,,
2/1/2013,Plateau,6,31,,
2/1/2013,Taraba,3,35,,
2/1/2013,Yobe,4,22,,
2/1/2013,Zamfara,1,7,,
3/1/2013,Adamawa,1,28,,
3/1/2013,Akwa Ibom,1,1,,
3/1/2013,Bauchi,1,1,,
3/1/2013,Benue,3,12,,
3/1/2013,Borno,19,294,,
3/1/2013,Cross River,1,7,,
3/1/2013,Delta,1,7,,
3/1/2013,Ekiti,2,2,,
3/1/2013,Enugu,1,1,,
3/1/2013,Federal Capital Territory,1,1,,
3/1/2013,Kaduna,3,32,,
3/1/2013,Kano,8,120,,
3/1/2013,Kwara,1,2,,
3/1/2013,Lagos,3,12,,
3/1/2013,Ondo,2,2,,
3/1/2013,Oyo,1,1,,
3/1/2013,Plateau,10,173,,
3/1/2013,Sokoto,1,4,,
3/1/2013,Yobe,2,5,,
4/1/2013,Abia,1,1,,
4/1/2013,Adamawa,5,24,,
4/1/2013,Anambra,3,23,,
4/1/2013,Bayelsa,1,15,,
4/1/2013,Benue,3,51,,
4/1/2013,Borno,16,690,,
4/1/2013,Cross River,1,3,,
4/1/2013,Delta,2,4,,
4/1/2013,Edo,3,6,,
4/1/2013,Ekiti,0,,,
4/1/2013,Federal Capital Territory,0,,,
4/1/2013,Gombe,2,6,,
4/1/2013,Jigawa,1,5,,
4/1/2013,Kaduna,2,3,,
4/1/2013,Kano,5,19,,
4/1/2013,Kogi,2,12,,
4/1/2013,Kwara,1,1,,
4/1/2013,Lagos,2,3,,
4/1/2013,Ogun,1,1,,
4/1/2013,Ondo,1,1,,
4/1/2013,Plateau,9,100,,
4/1/2013,Rivers,2,6,,
4/1/2013,Sokoto,1,1,,
4/1/2013,Taraba,1,16,,
4/1/2013,Yobe,5,69,,
5/1/2013,Adamawa,2,16,,
5/1/2013,Akwa Ibom,1,1,,
5/1/2013,Anambra,0,,,
5/1/2013,Bayelsa,2,9,,
5/1/2013,Benue,2,83,,
5/1/2013,Borno,18,570,,
5/1/2013,Delta,1,5,,
5/1/2013,Edo,1,1,,
5/1/2013,Federal Capital Territory,1,5,,
5/1/2013,Kaduna,3,28,,
5/1/2013,Katsina,2,26,,
5/1/2013,Kogi,1,4,,
5/1/2013,Kwara,1,0,,
5/1/2013,Lagos,2,2,,
5/1/2013,Nassarawa,1,104,,
5/1/2013,Niger,1,1,,
5/1/2013,Ogun,1,2,,
5/1/2013,Oyo,1,4,,
5/1/2013,Rivers,2,3,,
5/1/2013,Taraba,1,39,,
6/1/2013,Akwa Ibom,1,4,,
6/1/2013,Anambra,1,0,,
6/1/2013,Benue,1,5,,
6/1/2013,Borno,9,553,,
6/1/2013,Ebonyi,1,0,,
6/1/2013,Ekiti,1,0,,
6/1/2013,Federal Capital Territory,0,,,
6/1/2013,Imo,1,0,,
6/1/2013,Kaduna,3,24,,
6/1/2013,Lagos,2,4,,
6/1/2013,Niger,1,9,,
6/1/2013,Ondo,1,10,,
6/1/2013,Plateau,1,50,,
6/1/2013,Yobe,4,32,,
6/1/2013,Zamfara,1,52,,
7/1/2013,Anambra,3,2,,
7/1/2013,Bauchi,2,5,,
7/1/2013,Bayelsa,1,3,,
7/1/2013,Benue,4,55,,
7/1/2013,Borno,7,67,,
7/1/2013,Delta,1,12,,
7/1/2013,Ebonyi,1,1,,
7/1/2013,Edo,2,1,,
7/1/2013,Ekiti,1,0,,
7/1/2013,Gombe,1,2,,
7/1/2013,Kaduna,2,4,,
7/1/2013,Kano,2,50,,
7/1/2013,Kogi,1,2,,
7/1/2013,Lagos,2,9,,
7/1/2013,Nassarawa,2,21,,
7/1/2013,Plateau,1,46,,
7/1/2013,Rivers,1,0,,
7/1/2013,Sokoto,1,1,,
7/1/2013,Taraba,2,12,,
7/1/2013,Yobe,2,64,,
8/1/2013,Abia,1,1,,
8/1/2013,Adamawa,1,2,,
8/1/2013,Akwa Ibom,1,6,,
8/1/2013,Anambra,2,0,,
8/1/2013,Bauchi,1,2,,
8/1/2013,Bayelsa,2,13,,
8/1/2013,Benue,1,18,,
8/1/2013,Borno,20,423,,
8/1/2013,Cross River,2,6,,
8/1/2013,Delta,1,0,,
8/1/2013,Edo,2,1,,
8/1/2013,Ekiti,1,0,,
8/1/2013,Federal Capital Territory,1,0,,
8/1/2013,Gombe,2,15,,
8/1/2013,Imo,1,1,,
8/1/2013,Kaduna,3,7,,
8/1/2013,Lagos,7,14,,
8/1/2013,Nassarawa,1,0,,
8/1/2013,Ogun,1,0,,
8/1/2013,Ondo,1,1,,
8/1/2013,Oyo,1,0,,
8/1/2013,Plateau,2,12,,
8/1/2013,Rivers,2,0,,
8/1/2013,Yobe,1,6,,
9/1/2013,Abia,1,0,,
9/1/2013,Adamawa,2,8,,
9/1/2013,Benue,1,33,,
9/1/2013,Borno,21,887,,
9/1/2013,Delta,2,2,,
9/1/2013,Edo,1,0,,
9/1/2013,Enugu,1,0,,
9/1/2013,Federal Capital Territory,2,15,,
9/1/2013,Kaduna,3,30,,
9/1/2013,Kano,1,1,,
9/1/2013,Katsina,1,5,,
9/1/2013,Kogi,1,0,,
9/1/2013,Nassarawa,3,60,,
9/1/2013,Ogun,1,2,,
9/1/2013,Oyo,1,1,,
9/1/2013,Plateau,6,31,,
9/1/2013,Rivers,2,3,,
9/1/2013,Taraba,1,0,,
9/1/2013,Yobe,4,115,,
10/1/2013,Akwa Ibom,3,8,,
10/1/2013,Anambra,1,0,,
10/1/2013,Bauchi,1,1,,
10/1/2013,Bayelsa,1,0,,
10/1/2013,Benue,5,23,,
10/1/2013,Borno,11,434,,
10/1/2013,Cross River,1,0,,
10/1/2013,Delta,5,3,,
10/1/2013,Edo,2,10,,
10/1/2013,Jigawa,1,1,,
10/1/2013,Kaduna,4,16,,
10/1/2013,Kano,2,1,,
10/1/2013,Kwara,2,4,,
10/1/2013,Lagos,2,2,,
10/1/2013,Ogun,1,0,,
10/1/2013,Osun,1,0,,
10/1/2013,Plateau,1,21,,
10/1/2013,Yobe,3,257,,
10/1/2013,Zamfara,1,0,,
11/1/2013,Abia,1,0,,
11/1/2013,Adamawa,3,16,,
11/1/2013,Anambra,2,8,,
11/1/2013,Bayelsa,2,5,,
11/1/2013,Benue,1,36,,
11/1/2013,Borno,14,255,,
11/1/2013,Delta,3,3,,
11/1/2013,Ebonyi,1,1,,
11/1/2013,Edo,1,0,,
11/1/2013,Ekiti,1,1,,
11/1/2013,Federal Capital Territory,2,0,,
11/1/2013,Gombe,2,8,,
11/1/2013,Jigawa,1,2,,
11/1/2013,Kaduna,2,23,,
11/1/2013,Kano,3,16,,
11/1/2013,Kogi,1,3,,
11/1/2013,Lagos,2,10,,
11/1/2013,Nassarawa,1,4,,
11/1/2013,Ogun,2,4,,
11/1/2013,Osun,2,2,,
11/1/2013,Oyo,1,0,,
11/1/2013,Plateau,4,46,,
11/1/2013,Sokoto,1,0,,
12/1/2013,Abia,1,1,,
12/1/2013,Adamawa,2,44,,
12/1/2013,Akwa Ibom,2,4,,
12/1/2013,Anambra,1,0,,
12/1/2013,Bayelsa,2,2,,
12/1/2013,Benue,1,7,,
12/1/2013,Borno,13,346,,
12/1/2013,Delta,2,0,,
12/1/2013,Ebonyi,1,1,,
12/1/2013,Edo,3,7,,
12/1/2013,Ekiti,1,2,,
12/1/2013,Enugu,1,1,,
12/1/2013,Federal Capital Territory,1,0,,
12/1/2013,Jigawa,1,1,,
12/1/2013,Kaduna,1,2,,
12/1/2013,Kano,1,0,,
12/1/2013,Katsina,2,2,,
12/1/2013,Kebbi,1,2,,
12/1/2013,Lagos,3,4,,
12/1/2013,Ogun,3,4,,
12/1/2013,Oyo,1,1,,
12/1/2013,Plateau,1,5,,
12/1/2013,Rivers,3,0,,
12/1/2013,Zamfara,1,13,,
1/1/2014,Abia,3,0,,
1/1/2014,Adamawa,2,56,,
1/1/2014,Bauchi,0,,,
1/1/2014,Bayelsa,3,2,,
1/1/2014,Benue,2,4,,
1/1/2014,Borno,18,448,,
1/1/2014,Ebonyi,1,4,,
1/1/2014,Edo,2,2,,
1/1/2014,Ekiti,1,1,,
1/1/2014,Federal Capital Territory,2,2,,
1/1/2014,Kaduna,3,9,,
1/1/2014,Kano,1,3,,
1/1/2014,Kogi,2,2,,
1/1/2014,Kwara,1,0,,
1/1/2014,Ogun,3,0,,
1/1/2014,Ondo,2,1,,
1/1/2014,Plateau,4,48,,
1/1/2014,Rivers,2,5,,
1/1/2014,Sokoto,1,0,,
2/1/2014,Abia,3,0,,
2/1/2014,Adamawa,9,150,,
2/1/2014,Bauchi,2,2,,
2/1/2014,Bayelsa,2,0,,
2/1/2014,Borno,11,634,,
2/1/2014,Ebonyi,3,1,,
2/1/2014,Ekiti,1,0,,
2/1/2014,Federal Capital Territory,2,0,,
2/1/2014,Gombe,3,8,,
2/1/2014,Kaduna,2,33,,
2/1/2014,Kwara,1,0,,
2/1/2014,Lagos,1,0,,
2/1/2014,Nassarawa,2,2,,
2/1/2014,Niger,1,1,,
2/1/2014,Ogun,1,2,,
2/1/2014,Plateau,10,114,,
2/1/2014,Yobe,2,78,,
2/1/2014,Zamfara,1,16,,
3/1/2014,Adamawa,2,8,,
3/1/2014,Akwa Ibom,1,2,,
3/1/2014,Anambra,1,0,,
3/1/2014,Bauchi,1,0,,
3/1/2014,Bayelsa,3,0,,
3/1/2014,Benue,10,235,,
3/1/2014,Borno,21,5430,,
3/1/2014,Enugu,3,5,,
3/1/2014,Federal Capital Territory,3,45,,
3/1/2014,Kaduna,1,119,,
3/1/2014,Katsina,2,106,,
3/1/2014,Kebbi,1,2,,
3/1/2014,Nassarawa,2,5,,
3/1/2014,Ogun,2,8,,
3/1/2014,Oyo,1,2,,
3/1/2014,Plateau,5,35,,
3/1/2014,Rivers,1,0,,
3/1/2014,Taraba,2,42,,
3/1/2014,Yobe,6,68,,
4/1/2014,Anambra,1,2,,
4/1/2014,Bauchi,2,3,,
4/1/2014,Benue,4,17,,
4/1/2014,Borno,20,406,,
4/1/2014,Cross River,2,10,,
4/1/2014,Delta,2,3,,
4/1/2014,Enugu,2,4,,
4/1/2014,Federal Capital Territory,1,89,,
4/1/2014,Jigawa,2,16,,
4/1/2014,Kaduna,1,0,,
4/1/2014,Kogi,1,0,,
4/1/2014,Kwara,5,4,,
4/1/2014,Nassarawa,3,85,,
4/1/2014,Niger,2,2,,
4/1/2014,Ogun,1,1,,
4/1/2014,Plateau,1,0,,
4/1/2014,Rivers,1,6,,
4/1/2014,Taraba,4,124,,
4/1/2014,Yobe,2,19,,
4/1/2014,Zamfara,2,228,,
5/1/2014,Adamawa,3,140,,
5/1/2014,Akwa Ibom,1,0,,
5/1/2014,Bauchi,2,2,,
5/1/2014,Bayelsa,2,0,,
5/1/2014,Benue,2,0,,
5/1/2014,Borno,34,1212,,
5/1/2014,Cross River,1,0,,
5/1/2014,Delta,1,0,,
5/1/2014,Edo,2,10,,
5/1/2014,Ekiti,2,0,,
5/1/2014,Kaduna,4,14,,
5/1/2014,Kano,1,15,,
5/1/2014,Katsina,2,4,,
5/1/2014,Kogi,1,0,,
5/1/2014,Lagos,2,1,,
5/1/2014,Ogun,2,14,,
5/1/2014,Plateau,5,181,,
5/1/2014,Rivers,1,5,,
5/1/2014,Taraba,3,11,,
5/1/2014,Yobe,2,60,,
6/1/2014,Abia,3,2,,
6/1/2014,Adamawa,4,80,,
6/1/2014,Bauchi,1,11,,
6/1/2014,Bayelsa,5,9,,
6/1/2014,Benue,1,0,,
6/1/2014,Borno,26,1249,,
6/1/2014,Delta,4,4,,
6/1/2014,Ebonyi,1,1,,
6/1/2014,Edo,4,17,,
6/1/2014,Ekiti,1,1,,
6/1/2014,Enugu,2,6,,
6/1/2014,Federal Capital Territory,3,29,,
6/1/2014,Gombe,1,2,,
6/1/2014,Kaduna,7,185,,
6/1/2014,Kano,3,8,,
6/1/2014,Kwara,1,1,,
6/1/2014,Lagos,3,4,,
6/1/2014,Niger,1,1,,
6/1/2014,Ogun,2,6,,
6/1/2014,Plateau,5,25,,
6/1/2014,Taraba,3,60,,
6/1/2014,Yobe,2,28,,
6/1/2014,Abia,1,1,,
7/1/2014,Adamawa,7,62,,
7/1/2014,Akwa Ibom,1,0,,
7/1/2014,Bauchi,2,2,,
7/1/2014,Bayelsa,5,7,,
7/1/2014,Benue,2,0,,
7/1/2014,Borno,24,617,,
7/1/2014,Delta,2,6,,
7/1/2014,Kaduna,7,156,,
7/1/2014,Kano,4,23,,
7/1/2014,Kogi,1,4,,
7/1/2014,Kwara,1,2,,
7/1/2014,Lagos,3,5,,
7/1/2014,Nassarawa,1,3,,
7/1/2014,Ogun,4,15,,
7/1/2014,Oyo,1,0,,
7/1/2014,Plateau,4,16,,
7/1/2014,Rivers,4,21,,
7/1/2014,Taraba,1,14,,
7/1/2014,Yobe,2,25,,
8/1/2014,Adamawa,2,0,,
8/1/2014,Bauchi,2,6,,
8/1/2014,Bayelsa,2,0,,
8/1/2014,Borno,19,404,,
8/1/2014,Cross River,2,5,,
8/1/2014,Delta,2,4,,
8/1/2014,Edo,7,16,,
8/1/2014,Kaduna,3,6,,
8/1/2014,Lagos,2,4,,
8/1/2014,Nassarawa,3,94,,
8/1/2014,Osun,1,0,,
8/1/2014,Oyo,1,0,,
8/1/2014,Plateau,3,16,,
8/1/2014,Rivers,3,6,,
8/1/2014,Taraba,1,20,,
8/1/2014,Yobe,1,40,,
9/1/2014,Adamawa,8,289,,
9/1/2014,Bauchi,1,2,,
9/1/2014,Bayelsa,1,0,,
9/1/2014,Benue,2,7,,
9/1/2014,Borno,28,2104,,
9/1/2014,Delta,2,0,,
9/1/2014,Edo,1,1,,
9/1/2014,Ekiti,1,0,,
9/1/2014,Kaduna,2,51,,
9/1/2014,Kano,2,42,,
9/1/2014,Kogi,5,0,,
9/1/2014,Nassarawa,3,31,,
9/1/2014,Ondo,1,0,,
9/1/2014,Plateau,4,27,,
9/1/2014,Rivers,4,6,,
9/1/2014,Taraba,4,148,,
9/1/2014,Yobe,1,0,,
10/1/2014,Abia,2,3,,
10/1/2014,Adamawa,7,964,,
10/1/2014,Akwa Ibom,1,0,,
10/1/2014,Bauchi,3,19,,
10/1/2014,Bayelsa,9,10,,
10/1/2014,Benue,3,1,,
10/1/2014,Borno,16,179,,
10/1/2014,Delta,1,1,,
10/1/2014,Edo,3,1,,
10/1/2014,Ekiti,1,0,,
10/1/2014,Federal Capital Territory,1,2,,
10/1/2014,Gombe,1,40,,
10/1/2014,Kano,1,0,,
10/1/2014,Katsina,1,6,,
10/1/2014,Lagos,1,10,,
10/1/2014,Nassarawa,2,30,,
10/1/2014,Ogun,4,2,,
10/1/2014,Ondo,1,0,,
10/1/2014,Plateau,4,35,,
10/1/2014,Rivers,3,0,,
10/1/2014,Taraba,2,34,,
11/1/2014,Abia,1,0,,
11/1/2014,Adamawa,16,1117,,
11/1/2014,Bauchi,4,47,,
11/1/2014,Bayelsa,2,1,,
11/1/2014,Benue,1,0,,
11/1/2014,Borno,17,472,,
11/1/2014,Delta,3,1,,
11/1/2014,Edo,5,9,,
11/1/2014,Ekiti,3,5,,
11/1/2014,Enugu,1,0,,
11/1/2014,Federal Capital Territory,4,0,,
11/1/2014,Gombe,1,13,,
11/1/2014,Imo,1,1,,
11/1/2014,Jigawa,1,0,,
11/1/2014,Kaduna,2,0,,
11/1/2014,Kano,2,126,,
11/1/2014,Kebbi,1,5,,
11/1/2014,Kogi,3,8,,
11/1/2014,Kwara,1,0,,
11/1/2014,Nassarawa,13,251,,
11/1/2014,Niger,2,10,,
11/1/2014,Ondo,3,3,,
11/1/2014,Osun,3,1,,
11/1/2014,Oyo,1,1,,
11/1/2014,Plateau,5,2,,
11/1/2014,Rivers,4,19,,
11/1/2014,Sokoto,1,0,,
11/1/2014,Yobe,3,158,,
11/1/2014,Zamfara,2,50,,
12/1/2014,Adamawa,4,26,,
12/1/2014,Bauchi,5,62,,
12/1/2014,Bayelsa,2,7,,
12/1/2014,Benue,1,5,,
12/1/2014,Borno,17,907,,
12/1/2014,Cross River,2,2,,
12/1/2014,Delta,7,13,,
12/1/2014,Ebonyi,1,0,,
12/1/2014,Edo,5,16,,
12/1/2014,Federal Capital Territory,1,2,,
12/1/2014,Gombe,6,226,,
12/1/2014,Kaduna,2,15,,
12/1/2014,Kano,3,15,,
12/1/2014,Kogi,2,12,,
12/1/2014,Nassarawa,1,9,,
12/1/2014,Niger,1,0,,
12/1/2014,Ondo,3,1,,
12/1/2014,Osun,2,0,,
12/1/2014,Oyo,3,4,,
12/1/2014,Plateau,2,43,,
12/1/2014,Rivers,3,6,,
12/1/2014,Taraba,4,54,,
12/1/2014,Yobe,6,125,,
1/1/2015,Adamawa,8,26,,
1/1/2015,Akwa Ibom,1,0,,
1/1/2015,Bauchi,1,0,,
1/1/2015,Bayelsa,1,0,,
1/1/2015,Benue,4,32,,
1/1/2015,Borno,16,767,,
1/1/2015,Cross River,1,0,,
1/1/2015,Ekiti,2,1,,
1/1/2015,Federal Capital Territory,2,2,,
1/1/2015,Gombe,3,10,,
1/1/2015,Kaduna,3,23,,
1/1/2015,Kano,1,1,,
1/1/2015,Kogi,1,0,,
1/1/2015,Lagos,2,4,,
1/1/2015,Ondo,4,20,,
1/1/2015,Osun,1,0,,
1/1/2015,Plateau,2,2,,
1/1/2015,Taraba,3,41,,
1/1/2015,Yobe,8,152,,
2/1/2015,Adamawa,4,66,,
2/1/2015,Akwa Ibom,1,1,,
2/1/2015,Bauchi,2,2,,
2/1/2015,Bayelsa,4,6,,
2/1/2015,Benue,2,19,,
2/1/2015,Borno,28,2913,,
2/1/2015,Cross River,2,0,,
2/1/2015,Ekiti,1,1,,
2/1/2015,Enugu,1,2,,
2/1/2015,Federal Capital Territory,3,3,,
2/1/2015,Gombe,4,23,,
2/1/2015,Kano,3,30,,
2/1/2015,Katsina,1,0,,
2/1/2015,Kogi,2,0,,
2/1/2015,Kwara,1,4,,
2/1/2015,Nassarawa,2,1,,
2/1/2015,Niger,2,22,,
2/1/2015,Ogun,4,7,,
2/1/2015,Plateau,4,25,,
2/1/2015,Rivers,4,3,,
2/1/2015,Taraba,1,20,,
2/1/2015,Yobe,7,74,,
3/1/2015,Adamawa,3,21,,
3/1/2015,Anambra,1,0,,
3/1/2015,Bauchi,11,99,,
3/1/2015,Bayelsa,4,2,,
3/1/2015,Benue,2,97,,
3/1/2015,Borno,26,2318,,
3/1/2015,Cross River,2,0,,
3/1/2015,Edo,2,4,,
3/1/2015,Ekiti,4,6,,
3/1/2015,Enugu,2,1,,
3/1/2015,Federal Capital Territory,1,0,,
3/1/2015,Gombe,6,23,,
3/1/2015,Kaduna,1,1,,
3/1/2015,Kogi,2,2,,
3/1/2015,Lagos,3,13,,
3/1/2015,Ondo,2,16,,
3/1/2015,Osun,1,0,,
3/1/2015,Plateau,4,26,,
3/1/2015,Rivers,6,15,,
3/1/2015,Taraba,1,2,,
3/1/2015,Yobe,3,11,,
3/1/2015,Zamfara,1,0,,
4/1/2015,Adamawa,1,1,,
4/1/2015,Bayelsa,2,0,,
4/1/2015,Benue,8,142,,
4/1/2015,Borno,19,758,,
4/1/2015,Cross River,1,1,,
4/1/2015,Delta,4,6,,
4/1/2015,Edo,1,5,,
4/1/2015,Ekiti,1,1,,
4/1/2015,Federal Capital Territory,1,1,,
4/1/2015,Gombe,1,20,,
4/1/2015,Kaduna,1,20,,
4/1/2015,Kebbi,1,4,,
4/1/2015,Kogi,2,6,,
4/1/2015,Kwara,2,4,,
4/1/2015,Lagos,1,1,,
4/1/2015,Nassarawa,2,19,,
4/1/2015,Ogun,2,8,,
4/1/2015,Ondo,1,0,,
4/1/2015,Osun,2,0,,
4/1/2015,Oyo,3,6,,
4/1/2015,Plateau,3,9,,
4/1/2015,Rivers,5,4,,
4/1/2015,Sokoto,1,0,,
4/1/2015,Taraba,2,21,,
4/1/2015,Yobe,1,21,,
5/1/2015,Adamawa,5,38,,
5/1/2015,Anambra,2,6,,
5/1/2015,Bayelsa,1,0,,
5/1/2015,Benue,8,116,,
5/1/2015,Borno,20,501,,
5/1/2015,Edo,3,4,,
5/1/2015,Ekiti,6,6,,
5/1/2015,Kogi,5,9,,
5/1/2015,Lagos,1,1,,
5/1/2015,Niger,2,0,,
5/1/2015,Ogun,2,2,,
5/1/2015,Ondo,3,3,,
5/1/2015,Oyo,1,0,,
5/1/2015,Plateau,6,140,,
5/1/2015,Rivers,4,30,,
5/1/2015,Taraba,1,21,,
5/1/2015,Yobe,3,10,,
6/1/2015,Adamawa,1,45,,
6/1/2015,Anambra,2,2,,
6/1/2015,Bayelsa,6,6,,
6/1/2015,Benue,1,2,,
6/1/2015,Borno,20,765,,
6/1/2015,Cross River,1,0,,
6/1/2015,Ebonyi,1,1,,
6/1/2015,Edo,1,2,,
6/1/2015,Federal Capital Territory,1,1,,
6/1/2015,Gombe,2,4,,
6/1/2015,Imo,3,2,,
6/1/2015,Kaduna,4,16,,
6/1/2015,Kwara,1,3,,
6/1/2015,Lagos,1,5,,
6/1/2015,Nassarawa,1,0,,
6/1/2015,Ogun,1,1,,
6/1/2015,Ondo,5,6,,
6/1/2015,Osun,1,1,,
6/1/2015,Plateau,8,20,,
6/1/2015,Rivers,4,7,,
6/1/2015,Taraba,1,8,,
6/1/2015,Yobe,3,26,,
7/1/2015,Bauchi,1,45,,
7/1/2015,Bayelsa,4,4,,
7/1/2015,Benue,3,30,,
7/1/2015,Borno,26,513,,
7/1/2015,Ebonyi,3,2,,
7/1/2015,Ekiti,1,0,,
7/1/2015,Enugu,2,5,,
7/1/2015,Federal Capital Territory,1,0,,
7/1/2015,Gombe,2,87,,
7/1/2015,Imo,2,3,,
7/1/2015,Kaduna,5,75,,
7/1/2015,Kano,2,3,,
7/1/2015,Kogi,2,4,,
7/1/2015,Lagos,2,2,,
7/1/2015,Nassarawa,3,17,,
7/1/2015,Niger,2,12,,
7/1/2015,Ogun,4,9,,
7/1/2015,Osun,1,1,,
7/1/2015,Plateau,6,68,,
7/1/2015,Rivers,6,25,,
7/1/2015,Taraba,2,8,,
7/1/2015,Yobe,6,116,,
7/1/2015,Zamfara,1,40,,
8/1/2015,Adamawa,3,208,,
8/1/2015,Anambra,3,9,,
8/1/2015,Bayelsa,4,5,,
8/1/2015,Benue,2,7,,
8/1/2015,Borno,25,473,,
8/1/2015,Delta,3,5,,
8/1/2015,Edo,1,0,,
8/1/2015,Imo,1,1,,
8/1/2015,Kwara,1,16,,
8/1/2015,Niger,1,0,,
8/1/2015,Ondo,3,4,,
8/1/2015,Osun,1,0,,
8/1/2015,Plateau,5,10,,
8/1/2015,Rivers,3,4,,
8/1/2015,Taraba,2,10,,
8/1/2015,Yobe,4,180,,
9/1/2015,Adamawa,3,15,,
9/1/2015,Bayelsa,3,0,,
9/1/2015,Borno,10,279,,
9/1/2015,Cross River,1,0,,
9/1/2015,Delta,3,6,,
9/1/2015,Ebonyi,1,0,,
9/1/2015,Edo,3,3,,
9/1/2015,Enugu,1,0,,
9/1/2015,Federal Capital Territory,1,1,,
9/1/2015,Katsina,2,20,,
9/1/2015,Kogi,5,12,,
9/1/2015,Lagos,1,0,,
9/1/2015,Nassarawa,2,2,,
9/1/2015,Niger,3,54,,
9/1/2015,Ogun,3,20,,
9/1/2015,Ondo,2,0,,
9/1/2015,Plateau,2,43,,
9/1/2015,Rivers,3,16,,
9/1/2015,Sokoto,1,0,,
9/1/2015,Yobe,1,3,,
10/1/2015,Adamawa,9,589,,
10/1/2015,Akwa Ibom,1,2,,
10/1/2015,Bauchi,1,0,,
10/1/2015,Bayelsa,5,1,,
10/1/2015,Benue,1,1,,
10/1/2015,Borno,16,263,,
10/1/2015,Delta,2,6,,
10/1/2015,Enugu,2,0,,
10/1/2015,Federal Capital Territory,1,20,,
10/1/2015,Imo,2,1,,
10/1/2015,Kaduna,1,0,,
10/1/2015,Kano,2,2,,
10/1/2015,Katsina,2,2,,
10/1/2015,Kogi,2,20,,
10/1/2015,Lagos,4,11,,
10/1/2015,Ogun,2,3,,
10/1/2015,Ondo,1,0,,
10/1/2015,Oyo,1,1,,
10/1/2015,Plateau,2,10,,
10/1/2015,Rivers,5,9,,
10/1/2015,Taraba,1,7,,
10/1/2015,Yobe,4,252,,
11/1/2015,Abia,4,8,,
11/1/2015,Adamawa,4,97,,
11/1/2015,Anambra,2,2,,
11/1/2015,Bayelsa,3,1,,
11/1/2015,Benue,1,0,,
11/1/2015,Borno,19,151,,
11/1/2015,Delta,2,6,,
11/1/2015,Ebonyi,2,4,,
11/1/2015,Edo,2,14,,
11/1/2015,Kano,4,44,,
11/1/2015,Kogi,1,22,,
11/1/2015,Lagos,6,18,,
11/1/2015,Ogun,2,2,,
11/1/2015,Ondo,1,2,,
11/1/2015,Osun,1,3,,
11/1/2015,Rivers,3,1,,
11/1/2015,Yobe,1,7,,
12/1/2015,Adamawa,1,30,,
12/1/2015,Anambra,2,22,,
12/1/2015,Bauchi,2,6,,
12/1/2015,Bayelsa,5,9,,
12/1/2015,Borno,23,388,,
12/1/2015,Cross River,1,2,,
12/1/2015,Delta,3,2,,
12/1/2015,Ekiti,1,2,,
12/1/2015,Federal Capital Territory,1,0,,
12/1/2015,Imo,1,0,,
12/1/2015,Kaduna,3,304,,
12/1/2015,Kogi,1,0,,
12/1/2015,Kwara,1,4,,
12/1/2015,Lagos,1,4,,
12/1/2015,Ogun,2,2,,
12/1/2015,Plateau,2,15,,
12/1/2015,Rivers,4,13,,
12/1/2015,Taraba,2,8,,
12/1/2015,Yobe,1,5,,
1/1/2016,Abia,2,9,,
1/1/2016,Adamawa,4,58,,
1/1/2016,Akwa Ibom,2,6,,
1/1/2016,Bauchi,3,0,,
1/1/2016,Bayelsa,6,18,,
1/1/2016,Benue,1,10,,
1/1/2016,Borno,23,335,,
1/1/2016,Delta,6,4,,
1/1/2016,Ebonyi,2,2,,
1/1/2016,Ekiti,1,1,,
1/1/2016,Federal Capital Territory,2,1,,
1/1/2016,Kaduna,1,2,,
1/1/2016,Kogi,1,0,,
1/1/2016,Kwara,1,1,,
1/1/2016,Lagos,4,8,,
1/1/2016,Nassarawa,1,12,,
1/1/2016,Ogun,1,0,,
1/1/2016,Ondo,1,5,,
1/1/2016,Rivers,7,7,,
1/1/2016,Yobe,4,38,,
1/1/2016,Zamfara,2,0,,
2/1/2016,Abia,1,1,,
2/1/2016,Adamawa,1,6,,
2/1/2016,Bayelsa,2,0,,
2/1/2016,Benue,3,318,,
2/1/2016,Borno,25,962,,
2/1/2016,Delta,3,1,,
2/1/2016,Ebonyi,1,0,,
2/1/2016,Enugu,1,2,,
2/1/2016,Federal Capital Territory,2,2,,
2/1/2016,Kebbi,1,7,,
2/1/2016,Kogi,1,1,,
2/1/2016,Lagos,1,0,,
2/1/2016,Ogun,2,10,,
2/1/2016,Ondo,1,1,,
2/1/2016,Osun,2,16,,
2/1/2016,Oyo,1,6,,
2/1/2016,Plateau,1,2,,
2/1/2016,Rivers,8,32,,
2/1/2016,Taraba,3,4,,
2/1/2016,Zamfara,1,50,,
3/1/2016,Adamawa,2,7,,
3/1/2016,Akwa Ibom,1,4,,
3/1/2016,Bayelsa,5,7,,
3/1/2016,Benue,5,33,,
3/1/2016,Borno,32,422,,
3/1/2016,Delta,3,2,,
3/1/2016,Ebonyi,1,2,,
3/1/2016,Edo,2,2,,
3/1/2016,Imo,1,10,,
3/1/2016,Kaduna,4,5,,
3/1/2016,Kano,1,0,,
3/1/2016,Lagos,5,35,,
3/1/2016,Rivers,13,18,,
3/1/2016,Taraba,1,0,,
3/1/2016,Yobe,1,1,,
3/1/2016,Zamfara,1,9,,
4/1/2016,Abia,4,4,,
4/1/2016,Akwa Ibom,1,0,,
4/1/2016,Bauchi,2,10,,
4/1/2016,Bayelsa,6,9,,
4/1/2016,Benue,5,49,,
4/1/2016,Borno,24,294,,
4/1/2016,Cross River,2,26,,
4/1/2016,Delta,2,2,,
4/1/2016,Ebonyi,3,5,,
4/1/2016,Enugu,3,15,,
4/1/2016,Federal Capital Territory,2,0,,
4/1/2016,Imo,2,2,,
4/1/2016,Kaduna,1,0,,
4/1/2016,Kano,2,4,,
4/1/2016,Kogi,1,0,,
4/1/2016,Kwara,1,4,,
4/1/2016,Lagos,1,0,,
4/1/2016,Ogun,3,8,,
4/1/2016,Ondo,2,2,,
4/1/2016,Oyo,1,0,,
4/1/2016,Plateau,1,0,,
4/1/2016,Rivers,10,48,,
4/1/2016,Taraba,5,82,,
4/1/2016,Yobe,1,11,,
4/1/2016,Zamfara,1,4,,
5/1/2016,Abia,3,8,,
5/1/2016,Anambra,2,56,,
5/1/2016,Bauchi,1,1,,
5/1/2016,Bayelsa,10,49,,
5/1/2016,Benue,3,20,,
5/1/2016,Borno,11,69,,
5/1/2016,Cross River,1,0,,
5/1/2016,Delta,9,19,,
5/1/2016,Ekiti,1,2,,
5/1/2016,Kaduna,2,4,,
5/1/2016,Kogi,3,0,,
5/1/2016,Lagos,4,11,,
5/1/2016,Nassarawa,1,20,,
5/1/2016,Niger,1,4,,
5/1/2016,Ogun,5,11,,
5/1/2016,Ondo,1,1,,
5/1/2016,Rivers,14,46,,
5/1/2016,Taraba,1,12,,
5/1/2016,Zamfara,2,20,,
6/1/2016,Adamawa,2,32,,
6/1/2016,Akwa Ibom,1,0,,
6/1/2016,Bauchi,2,6,,
6/1/2016,Bayelsa,5,4,,
6/1/2016,Benue,7,61,,
6/1/2016,Borno,22,151,,
6/1/2016,Cross River,2,6,,
6/1/2016,Delta,8,11,,
6/1/2016,Ebonyi,1,8,,
6/1/2016,Edo,1,1,,
6/1/2016,Federal Capital Territory,1,1,,
6/1/2016,Gombe,1,2,,
6/1/2016,Imo,1,0,,
6/1/2016,Kaduna,2,5,,
6/1/2016,Kano,2,2,,
6/1/2016,Katsina,2,2,,
6/1/2016,Kogi,3,1,,
6/1/2016,Lagos,1,50,,
6/1/2016,Nassarawa,1,1,,
6/1/2016,Ogun,5,18,,
6/1/2016,Ondo,1,0,,
6/1/2016,Plateau,1,2,,
6/1/2016,Rivers,10,80,,
6/1/2016,Zamfara,6,52,,
7/1/2016,Adamawa,1,3,,
7/1/2016,Bayelsa,2,1,,
7/1/2016,Benue,5,29,,
7/1/2016,Borno,23,292,,
7/1/2016,Cross River,3,7,,
7/1/2016,Delta,8,11,,
7/1/2016,Ekiti,1,5,,
7/1/2016,Enugu,1,2,,
7/1/2016,Federal Capital Territory,4,0,,
7/1/2016,Gombe,2,1,,
7/1/2016,Kaduna,2,0,,
7/1/2016,Kogi,1,2,,
7/1/2016,Kwara,1,1,,
7/1/2016,Lagos,8,19,,
7/1/2016,Nassarawa,1,2,,
7/1/2016,Niger,1,11,,
7/1/2016,Ogun,6,30,,
7/1/2016,Ondo,2,2,,
7/1/2016,Oyo,1,1,,
7/1/2016,Plateau,3,9,,
7/1/2016,Rivers,3,12,,
7/1/2016,Zamfara,3,38,,
8/1/2016,Abia,2,4,,
8/1/2016,Adamawa,1,22,,
8/1/2016,Anambra,1,0,,
8/1/2016,Bauchi,1,3,,
8/1/2016,Bayelsa,2,3,,
8/1/2016,Benue,3,3,,
8/1/2016,Borno,11,360,,
8/1/2016,Cross River,1,0,,
8/1/2016,Delta,6,1,,
8/1/2016,Ebonyi,3,39,,
8/1/2016,Enugu,2,3,,
8/1/2016,Federal Capital Territory,2,0,,
8/1/2016,Imo,3,9,,
8/1/2016,Kaduna,7,20,,
8/1/2016,Katsina,2,2,,
8/1/2016,Kwara,1,5,,
8/1/2016,Lagos,4,9,,
8/1/2016,Nassarawa,2,1,,
8/1/2016,Niger,3,57,,
8/1/2016,Ogun,2,114,,
8/1/2016,Osun,1,0,,
8/1/2016,Plateau,3,4,,
8/1/2016,Rivers,15,51,,
8/1/2016,Sokoto,1,4,,
8/1/2016,Taraba,1,0,,
8/1/2016,Zamfara,3,42,,
9/1/2016,Anambra,3,0,,
9/1/2016,Bauchi,2,14,,
9/1/2016,Bayelsa,1,0,,
9/1/2016,Benue,4,13,,
9/1/2016,Borno,22,277,,
9/1/2016,Cross River,6,32,,
9/1/2016,Delta,5,8,,
9/1/2016,Edo,1,0,,
9/1/2016,Enugu,1,0,,
9/1/2016,Imo,5,9,,
9/1/2016,Kaduna,4,11,,
9/1/2016,Katsina,1,1,,
9/1/2016,Lagos,5,11,,
9/1/2016,Ondo,1,1,,
9/1/2016,Rivers,8,18,,
9/1/2016,Yobe,2,8,,
9/1/2016,Zamfara,2,9,,
10/1/2016,Adamawa,4,16,,
10/1/2016,Anambra,1,1,,
10/1/2016,Bauchi,6,22,,
10/1/2016,Bayelsa,3,2,,
10/1/2016,Benue,2,14,,
10/1/2016,Borno,17,129,,
10/1/2016,Cross River,5,19,,
10/1/2016,Delta,7,0,,
10/1/2016,Ebonyi,3,4,,
10/1/2016,Ekiti,3,2,,
10/1/2016,Enugu,2,2,,
10/1/2016,Federal Capital Territory,1,2,,
10/1/2016,Imo,1,1,,
10/1/2016,Kaduna,6,67,,
10/1/2016,Kano,1,0,,
10/1/2016,Katsina,2,18,,
10/1/2016,Kogi,2,2,,
10/1/2016,Lagos,5,10,,
10/1/2016,Niger,2,5,,
10/1/2016,Ondo,1,1,,
10/1/2016,Oyo,3,2,,
10/1/2016,Plateau,2,3,,
10/1/2016,Rivers,5,12,,
10/1/2016,Zamfara,2,4,,
11/1/2016,Abia,1,0,,
11/1/2016,Adamawa,1,1,,
11/1/2016,Akwa Ibom,1,0,,
11/1/2016,Anambra,3,4,,
11/1/2016,Bayelsa,3,2,,
11/1/2016,Benue,1,0,,
11/1/2016,Borno,33,374,,
11/1/2016,Cross River,4,12,,
11/1/2016,Delta,6,4,,
11/1/2016,Ebonyi,1,3,,
11/1/2016,Edo,1,2,,
11/1/2016,Ekiti,2,4,,
11/1/2016,Enugu,4,4,,
11/1/2016,Federal Capital Territory,3,3,,
11/1/2016,Imo,3,3,,
11/1/2016,Kaduna,4,35,,
11/1/2016,Kano,2,10,,
11/1/2016,Katsina,2,9,,
11/1/2016,Kogi,1,40,,
11/1/2016,Lagos,2,0,,
11/1/2016,Nassarawa,3,6,,
11/1/2016,Niger,3,12,,
11/1/2016,Osun,1,0,,
11/1/2016,Oyo,3,22,,
11/1/2016,Rivers,5,14,,
11/1/2016,Zamfara,4,100,,
12/1/2016,Adamawa,1,58,,
12/1/2016,Bauchi,2,6,,
12/1/2016,Benue,1,0,,
12/1/2016,Borno,18,143,,
12/1/2016,Cross River,1,0,,
12/1/2016,Delta,8,8,,
12/1/2016,Ebonyi,1,1,,
12/1/2016,Edo,1,1,,
12/1/2016,Ekiti,2,2,,
12/1/2016,Enugu,2,3,,
12/1/2016,Federal Capital Territory,1,0,,
12/1/2016,Imo,2,10,,
12/1/2016,Kaduna,4,27,,
12/1/2016,Kogi,2,0,,
12/1/2016,Kwara,1,2,,
12/1/2016,Lagos,4,9,,
12/1/2016,Ondo,1,1,,
12/1/2016,Osun,2,6,,
12/1/2016,Oyo,1,1,,
12/1/2016,Plateau,1,1,,
12/1/2016,Rivers,2,10,,
12/1/2016,Taraba,4,32,,
1/1/2017,Abia,1,1,,
1/1/2017,Adamawa,8,70,,
1/1/2017,Akwa Ibom,3,6,,
1/1/2017,Anambra,2,0,,
1/1/2017,Bayelsa,2,4,,
1/1/2017,Benue,6,42,,
1/1/2017,Borno,21,391,,
1/1/2017,Cross River,1,10,,
1/1/2017,Delta,6,7,,
1/1/2017,Ebonyi,1,3,,
1/1/2017,Federal Capital Territory,0,,,
1/1/2017,Imo,4,3,,
1/1/2017,Jigawa,1,0,,
1/1/2017,Kaduna,5,15,,
1/1/2017,Kano,5,6,,
1/1/2017,Niger,4,17,,
1/1/2017,Ogun,1,0,,
1/1/2017,Ondo,2,2,,
1/1/2017,Osun,1,2,,
1/1/2017,Plateau,1,1,,
1/1/2017,Rivers,5,25,,
1/1/2017,Sokoto,1,0,,
1/1/2017,Taraba,3,25,,
1/1/2017,Yobe,4,68,,
1/1/2017,Zamfara,1,1,,
2/1/2017,Abia,1,4,,
2/1/2017,Akwa Ibom,1,0,,
2/1/2017,Anambra,1,1,,
2/1/2017,Bayelsa,3,0,,
2/1/2017,Benue,5,12,,
2/1/2017,Borno,17,266,,
2/1/2017,Cross River,5,22,,
2/1/2017,Delta,4,6,,
2/1/2017,Ebonyi,1,9,,
2/1/2017,Edo,4,4,,
2/1/2017,Ekiti,2,1,,
2/1/2017,Enugu,1,0,,
2/1/2017,Imo,4,16,,
2/1/2017,Jigawa,1,2,,
2/1/2017,Kaduna,4,29,,
2/1/2017,Kogi,3,4,,
2/1/2017,Lagos,6,6,,
2/1/2017,Ondo,2,4,,
2/1/2017,Plateau,2,11,,
2/1/2017,Rivers,3,11,,
2/1/2017,Yobe,3,38,,
2/1/2017,Zamfara,2,27,,
3/1/2017,Abia,1,1,,
3/1/2017,Anambra,1,0,,
3/1/2017,Bayelsa,3,6,,
3/1/2017,Benue,8,92,,
3/1/2017,Borno,28,133,,
3/1/2017,Cross River,3,11,,
3/1/2017,Delta,6,4,,
3/1/2017,Ebonyi,1,1,,
3/1/2017,Edo,4,3,,
3/1/2017,Ekiti,1,0,,
3/1/2017,Enugu,3,3,,
3/1/2017,Federal Capital Territory,1,0,,
3/1/2017,Imo,6,7,,
3/1/2017,Kaduna,2,3,,
3/1/2017,Katsina,2,2,,
3/1/2017,Kebbi,1,0,,
3/1/2017,Kogi,4,10,,
3/1/2017,Kwara,6,17,,
3/1/2017,Lagos,1,4,,
3/1/2017,Nassarawa,1,0,,
3/1/2017,Niger,1,4,,
3/1/2017,Ogun,4,19,,
3/1/2017,Ondo,4,7,,
3/1/2017,Osun,1,0,,
3/1/2017,Oyo,1,1,,
3/1/2017,Rivers,4,6,,
3/1/2017,Sokoto,2,2,,
3/1/2017,Taraba,1,1,,
4/1/2017,Abia,3,5,,
4/1/2017,Akwa Ibom,7,47,,
4/1/2017,Anambra,1,1,,
4/1/2017,Bayelsa,7,10,,
4/1/2017,Benue,6,37,,
4/1/2017,Borno,28,161,,
4/1/2017,Cross River,2,10,,
4/1/2017,Delta,7,4,,
4/1/2017,Ebonyi,1,0,,
4/1/2017,Edo,2,4,,
4/1/2017,Ekiti,1,1,,
4/1/2017,Federal Capital Territory,3,4,,
4/1/2017,Imo,6,9,,
4/1/2017,Kaduna,1,13,,
4/1/2017,Kwara,2,8,,
4/1/2017,Lagos,7,20,,
4/1/2017,Niger,2,2,,
4/1/2017,Ogun,2,8,,
4/1/2017,Ondo,3,2,,
4/1/2017,Osun,2,2,,
4/1/2017,Rivers,4,14,,
4/1/2017,Sokoto,1,2,,
4/1/2017,Yobe,1,5,,
5/1/2017,Abia,2,2,,
5/1/2017,Akwa Ibom,3,51,,
5/1/2017,Anambra,1,1,,
5/1/2017,Bayelsa,3,2,,
5/1/2017,Benue,7,37,,
5/1/2017,Borno,22,120,,
5/1/2017,Cross River,2,10,,
5/1/2017,Delta,12,28,,
5/1/2017,Ebonyi,1,3,,
5/1/2017,Edo,1,2,,
5/1/2017,Ekiti,1,1,,
5/1/2017,Enugu,1,1,,
5/1/2017,Federal Capital Territory,1,0,,
5/1/2017,Kaduna,1,4,,
5/1/2017,Kogi,3,9,,
5/1/2017,Kwara,1,0,,
5/1/2017,Lagos,2,1,,
5/1/2017,Nassarawa,2,1,,
5/1/2017,Niger,2,32,,
5/1/2017,Ogun,2,7,,
5/1/2017,Ondo,3,44,,
5/1/2017,Rivers,10,20,,
5/1/2017,Taraba,2,18,,
5/1/2017,Zamfara,2,2,,
6/1/2017,Adamawa,3,2,,
6/1/2017,Akwa Ibom,2,2,,
6/1/2017,Anambra,3,2,,
6/1/2017,Bayelsa,3,2,,
6/1/2017,Borno,18,526,,
6/1/2017,Cross River,5,162,,
6/1/2017,Delta,14,14,,
6/1/2017,Ebonyi,1,4,,
6/1/2017,Edo,1,1,,
6/1/2017,Enugu,1,1,,
6/1/2017,Federal Capital Territory,1,1,,
6/1/2017,Gombe,1,1,,
6/1/2017,Imo,5,5,,
6/1/2017,Kaduna,6,3,,
6/1/2017,Kano,2,4,,
6/1/2017,Kogi,1,3,,
6/1/2017,Kwara,1,4,,
6/1/2017,Lagos,3,8,,
6/1/2017,Nassarawa,2,3,,
6/1/2017,Niger,4,12,,
6/1/2017,Ogun,1,2,,
6/1/2017,Ondo,8,12,,
6/1/2017,Osun,2,8,,
6/1/2017,Oyo,3,3,,
6/1/2017,Plateau,1,0,,
6/1/2017,Rivers,10,29,,
6/1/2017,Sokoto,1,0,,
6/1/2017,Taraba,1,3,,
7/1/2017,Abia,1,0,,
7/1/2017,Akwa Ibom,2,2,,
7/1/2017,Anambra,1,1,,
7/1/2017,Bayelsa,6,4,,
7/1/2017,Borno,39,323,,
7/1/2017,Cross River,6,10,,
7/1/2017,Delta,11,8,,
7/1/2017,Ebonyi,2,10,,
7/1/2017,Edo,1,1,,
7/1/2017,Imo,2,10,,
7/1/2017,Kaduna,5,55,,
7/1/2017,Kano,4,12,,
7/1/2017,Katsina,1,2,,
7/1/2017,Kogi,1,1,,
7/1/2017,Kwara,2,2,,
7/1/2017,Lagos,4,10,,
7/1/2017,Ogun,5,14,,
7/1/2017,Ondo,1,1,,
7/1/2017,Oyo,1,1,,
7/1/2017,Rivers,10,30,,
8/1/2017,Adamawa,6,73,,
8/1/2017,Akwa Ibom,2,5,,
8/1/2017,Anambra,3,18,,
8/1/2017,Bayelsa,2,7,,
8/1/2017,Benue,2,2,,
8/1/2017,Borno,21,189,,
8/1/2017,Cross River,1,1,,
8/1/2017,Delta,6,21,,
8/1/2017,Edo,1,4,,
8/1/2017,Ekiti,1,1,,
8/1/2017,Federal Capital Territory,2,0,,
8/1/2017,Imo,1,3,,
8/1/2017,Katsina,3,2,,
8/1/2017,Kogi,1,0,,
8/1/2017,Lagos,3,1,,
8/1/2017,Nassarawa,3,2,,
8/1/2017,Ondo,2,1,,
8/1/2017,Osun,1,1,,
8/1/2017,Plateau,1,2,,
8/1/2017,Rivers,2,0,,
8/1/2017,Taraba,1,4,,
8/1/2017,Yobe,1,2,,
9/1/2017,Abia,5,25,,
9/1/2017,Adamawa,1,1,,
9/1/2017,Akwa Ibom,1,0,,
9/1/2017,Bayelsa,4,6,,
9/1/2017,Benue,4,9,,
9/1/2017,Borno,21,131,,
9/1/2017,Cross River,1,0,,
9/1/2017,Delta,2,4,,
9/1/2017,Edo,2,3,,
9/1/2017,Jigawa,1,1,,
9/1/2017,Kaduna,5,3,,
9/1/2017,Kano,2,0,,
9/1/2017,Katsina,3,7,,
9/1/2017,Kogi,4,8,,
9/1/2017,Lagos,2,6,,
9/1/2017,Niger,1,3,,
9/1/2017,Ogun,3,3,,
9/1/2017,Ondo,4,1,,
9/1/2017,Osun,1,1,,
9/1/2017,Oyo,1,0,,
9/1/2017,Plateau,6,37,,
9/1/2017,Rivers,10,5,,
9/1/2017,Sokoto,1,0,,
9/1/2017,Zamfara,2,4,,
10/1/2017,Abia,1,4,,
10/1/2017,Adamawa,4,16,,
10/1/2017,Akwa Ibom,1,0,,
10/1/2017,Anambra,4,5,,
10/1/2017,Bayelsa,1,1,,
10/1/2017,Borno,34,233,,
10/1/2017,Cross River,3,4,,
10/1/2017,Delta,4,2,,
10/1/2017,Ebonyi,2,1,,
10/1/2017,Edo,5,1,,
10/1/2017,Ekiti,2,1,,
10/1/2017,Gombe,1,0,,
10/1/2017,Kaduna,1,0,,
10/1/2017,Katsina,1,1,,
10/1/2017,Kogi,5,7,,
10/1/2017,Lagos,1,0,,
10/1/2017,Ogun,2,2,,
10/1/2017,Ondo,2,4,,
10/1/2017,Oyo,1,1,,
10/1/2017,Plateau,7,50,,
10/1/2017,Rivers,3,17,,
10/1/2017,Taraba,3,3,,
10/1/2017,Yobe,3,15,,
10/1/2017,Zamfara,3,130,,
11/1/2017,Adamawa,12,262,,
11/1/2017,Akwa Ibom,2,11,,
11/1/2017,Anambra,1,1,,
11/1/2017,Benue,1,1,,
11/1/2017,Borno,20,125,,
11/1/2017,Cross River,1,1,,
11/1/2017,Delta,7,11,,
11/1/2017,Ebonyi,1,5,,
11/1/2017,Edo,3,3,,
11/1/2017,Ekiti,1,1,,
11/1/2017,Enugu,2,3,,
11/1/2017,Federal Capital Territory,2,1,,
11/1/2017,Gombe,1,2,,
11/1/2017,Imo,4,8,,
11/1/2017,Kaduna,4,12,,
11/1/2017,Kano,2,4,,
11/1/2017,Katsina,1,1,,
11/1/2017,Kogi,2,3,,
11/1/2017,Kwara,5,8,,
11/1/2017,Lagos,2,1,,
11/1/2017,Nassarawa,1,1,,
11/1/2017,Niger,2,7,,
11/1/2017,Ondo,3,4,,
11/1/2017,Osun,1,0,,
11/1/2017,Oyo,1,0,,
11/1/2017,Plateau,5,15,,
11/1/2017,Rivers,7,27,,
11/1/2017,Zamfara,2,25,,
12/1/2017,Abia,1,1,,
12/1/2017,Adamawa,2,6,,
12/1/2017,Akwa Ibom,2,8,,
12/1/2017,Anambra,1,1,,
12/1/2017,Bayelsa,10,11,,
12/1/2017,Benue,5,13,,
12/1/2017,Borno,19,165,,
12/1/2017,Cross River,3,9,,
12/1/2017,Delta,3,1,,
12/1/2017,Ebonyi,1,0,,
12/1/2017,Ekiti,1,1,,
12/1/2017,Enugu,2,4,,
12/1/2017,Federal Capital Territory,2,2,,
12/1/2017,Imo,1,0,,
12/1/2017,Kaduna,5,12,,
12/1/2017,Kebbi,1,2,,
12/1/2017,Kogi,3,11,,
12/1/2017,Lagos,5,5,,
12/1/2017,Nassarawa,2,2,,
12/1/2017,Niger,2,6,,
12/1/2017,Ogun,4,6,,
12/1/2017,Ondo,1,0,,
12/1/2017,Plateau,1,11,,
12/1/2017,Rivers,6,11,,
12/1/2017,Taraba,4,17,,
1/1/2018,Adamawa,8,39,,
1/1/2018,Akwa Ibom,7,16,,
1/1/2018,Anambra,2,10,,
1/1/2018,Bayelsa,5,5,,
1/1/2018,Benue,17,113,,
1/1/2018,Borno,16,290,,
1/1/2018,Cross River,4,4,,
1/1/2018,Delta,6,7,,
1/1/2018,Ebonyi,1,1,,
1/1/2018,Edo,4,6,,
1/1/2018,Ekiti,2,2,,
1/1/2018,Enugu,1,3,,
1/1/2018,Federal Capital Territory,1,0,,
1/1/2018,Kaduna,7,26,,
1/1/2018,Kano,1,1,,
1/1/2018,Katsina,2,1,,
1/1/2018,Kwara,3,6,,
1/1/2018,Lagos,3,4,,
1/1/2018,Nassarawa,3,23,,
1/1/2018,Niger,2,0,,
1/1/2018,Ogun,6,3,,
1/1/2018,Ondo,4,0,,
1/1/2018,Plateau,8,23,,
1/1/2018,Rivers,6,46,,
1/1/2018,Taraba,7,73,,
1/1/2018,Zamfara,3,8,,
2/1/2018,Adamawa,5,78,,
2/1/2018,Akwa Ibom,5,4,,
2/1/2018,Anambra,1,5,,
2/1/2018,Bayelsa,7,4,,
2/1/2018,Benue,8,25,,
2/1/2018,Borno,17,142,,
2/1/2018,Cross River,3,1,,
2/1/2018,Delta,5,1,,
2/1/2018,Ebonyi,2,0,,
2/1/2018,Edo,2,1,,
2/1/2018,Ekiti,1,1,,
2/1/2018,Imo,2,0,,
2/1/2018,Kaduna,5,17,,
2/1/2018,Katsina,3,5,,
2/1/2018,Kogi,2,10,,
2/1/2018,Kwara,1,2,,
2/1/2018,Lagos,3,3,,
2/1/2018,Nassarawa,5,12,,
2/1/2018,Ogun,2,2,,
2/1/2018,Ondo,2,0,,
2/1/2018,Oyo,2,3,,
2/1/2018,Plateau,1,3,,
2/1/2018,Rivers,2,6,,
2/1/2018,Sokoto,2,4,,
2/1/2018,Taraba,2,5,,
2/1/2018,Yobe,3,12,,
2/1/2018,Zamfara,3,43,,
3/1/2018,Abia,1,0,,
3/1/2018,Adamawa,2,2,,
3/1/2018,Akwa Ibom,1,0,,
3/1/2018,Bauchi,2,8,,
3/1/2018,Bayelsa,5,5,,
3/1/2018,Benue,8,45,,
3/1/2018,Borno,13,53,,
3/1/2018,Cross River,3,17,,
3/1/2018,Delta,8,14,,
3/1/2018,Ebonyi,1,4,,
3/1/2018,Edo,3,6,,
3/1/2018,Enugu,1,3,,
3/1/2018,Federal Capital Territory,2,4,,
3/1/2018,Imo,1,1,,
3/1/2018,Kaduna,3,18,,
3/1/2018,Kano,2,2,,
3/1/2018,Katsina,1,0,,
3/1/2018,Kogi,4,43,,
3/1/2018,Lagos,2,3,,
3/1/2018,Ogun,4,16,,
3/1/2018,Ondo,2,0,,
3/1/2018,Osun,1,2,,
3/1/2018,Oyo,1,0,,
3/1/2018,Plateau,10,61,,
3/1/2018,Taraba,9,55,,
3/1/2018,Yobe,1,1,,
3/1/2018,Zamfara,2,72,,
4/1/2018,Abia,2,11,,
4/1/2018,Adamawa,2,12,,
4/1/2018,Akwa Ibom,3,3,,
4/1/2018,Anambra,1,0,,
4/1/2018,Bayelsa,4,2,,
4/1/2018,Benue,23,207,,
4/1/2018,Borno,27,203,,
4/1/2018,Cross River,2,7,,
4/1/2018,Delta,4,2,,
4/1/2018,Ekiti,2,1,,
4/1/2018,Enugu,3,1,,
4/1/2018,Federal Capital Territory,2,9,,
4/1/2018,Imo,1,0,,
4/1/2018,Kaduna,7,45,,
4/1/2018,Kano,1,1,,
4/1/2018,Kogi,4,40,,
4/1/2018,Kwara,1,50,,
4/1/2018,Lagos,2,2,,
4/1/2018,Nassarawa,4,94,,
4/1/2018,Niger,2,2,,
4/1/2018,Ogun,2,7,,
4/1/2018,Ondo,2,0,,
4/1/2018,Osun,2,0,,
4/1/2018,Oyo,3,6,,
4/1/2018,Plateau,2,11,,
4/1/2018,Rivers,3,6,,
4/1/2018,Taraba,5,64,,
4/1/2018,Zamfara,4,116,,
5/1/2018,Abia,2,6,,
5/1/2018,Adamawa,8,149,,
5/1/2018,Anambra,1,0,,
5/1/2018,Bayelsa,4,16,,
5/1/2018,Benue,15,109,,
5/1/2018,Borno,26,128,,
5/1/2018,Cross River,4,14,,
5/1/2018,Delta,7,14,,
5/1/2018,Edo,1,0,,
5/1/2018,Ekiti,1,2,,
5/1/2018,Enugu,1,0,,
5/1/2018,Imo,1,1,,
5/1/2018,Kaduna,13,140,,
5/1/2018,Kwara,1,1,,
5/1/2018,Lagos,3,11,,
5/1/2018,Nassarawa,7,117,,
5/1/2018,Ogun,5,13,,
5/1/2018,Ondo,2,0,,
5/1/2018,Osun,1,0,,
5/1/2018,Plateau,4,16,,
5/1/2018,Rivers,10,11,,
5/1/2018,Sokoto,1,3,,
5/1/2018,Taraba,9,39,,
5/1/2018,Yobe,1,0,,
5/1/2018,Zamfara,9,40,,
6/1/2018,Abia,1,3,,
6/1/2018,Adamawa,5,26,,
6/1/2018,Akwa Ibom,4,5,,
6/1/2018,Bauchi,1,4,,
6/1/2018,Bayelsa,5,11,,
6/1/2018,Benue,15,54,,
6/1/2018,Borno,29,212,,
6/1/2018,Cross River,3,15,,
6/1/2018,Delta,4,4,,
6/1/2018,Ebonyi,4,15,,
6/1/2018,Edo,4,4,,
6/1/2018,Ekiti,4,4,,
6/1/2018,Kaduna,6,37,,
6/1/2018,Kano,1,4,,
6/1/2018,Katsina,2,2,,
6/1/2018,Kogi,1,5,,
6/1/2018,Kwara,2,5,,
6/1/2018,Lagos,2,4,,
6/1/2018,Nassarawa,5,23,,
6/1/2018,Niger,2,4,,
6/1/2018,Ogun,1,1,,
6/1/2018,Ondo,4,4,,
6/1/2018,Osun,1,0,,
6/1/2018,Oyo,1,5,,
6/1/2018,Plateau,8,214,,
6/1/2018,Rivers,1,1,,
6/1/2018,Sokoto,1,13,,
6/1/2018,Taraba,3,14,,
6/1/2018,Yobe,1,0,,
6/1/2018,Zamfara,6,98,,
7/1/2018,Abia,1,1,,
7/1/2018,Adamawa,4,60,,
7/1/2018,Akwa Ibom,2,7,,
7/1/2018,Anambra,2,3,,
7/1/2018,Bayelsa,3,0,,
7/1/2018,Benue,2,4,,
7/1/2018,Borno,12,196,,
7/1/2018,Cross River,3,7,,
7/1/2018,Delta,5,6,,
7/1/2018,Edo,2,4,,
7/1/2018,Enugu,1,0,,
7/1/2018,Federal Capital Territory,4,10,,
7/1/2018,Gombe,1,1,,
7/1/2018,Imo,4,3,,
7/1/2018,Jigawa,1,0,,
7/1/2018,Kaduna,8,31,,
7/1/2018,Kebbi,1,1,,
7/1/2018,Kogi,8,10,,
7/1/2018,Lagos,3,4,,
7/1/2018,Nassarawa,2,2,,
7/1/2018,Ogun,2,4,,
7/1/2018,Ondo,4,2,,
7/1/2018,Plateau,4,11,,
7/1/2018,Rivers,6,10,,
7/1/2018,Sokoto,1,40,,
7/1/2018,Taraba,2,79,,
7/1/2018,Yobe,3,158,,
7/1/2018,Zamfara,11,40,,
8/1/2018,Adamawa,2,4,,
8/1/2018,Akwa Ibom,6,10,,
8/1/2018,Bayelsa,2,7,,
8/1/2018,Benue,6,113,,
8/1/2018,Borno,21,245,,
8/1/2018,Cross River,1,0,,
8/1/2018,Delta,5,3,,
8/1/2018,Edo,4,28,,
8/1/2018,Ekiti,3,5,,
8/1/2018,Federal Capital Territory,1,1,,
8/1/2018,Imo,1,1,,
8/1/2018,Kaduna,8,25,,
8/1/2018,Kwara,1,0,,
8/1/2018,Lagos,4,4,,
8/1/2018,Nassarawa,1,0,,
8/1/2018,Ogun,2,2,,
8/1/2018,Ondo,2,2,,
8/1/2018,Osun,1,1,,
8/1/2018,Oyo,1,1,,
8/1/2018,Plateau,3,13,,
8/1/2018,Rivers,7,12,,
8/1/2018,Taraba,2,11,,
8/1/2018,Zamfara,4,95,,
9/1/2018,Abia,1,10,,
9/1/2018,Adamawa,2,51,,
9/1/2018,Anambra,2,3,,
9/1/2018,Bauchi,1,1,,
9/1/2018,Bayelsa,1,1,,
9/1/2018,Benue,5,29,,
9/1/2018,Borno,25,366,,
9/1/2018,Cross River,3,11,,
9/1/2018,Delta,3,3,,
9/1/2018,Edo,5,17,,
9/1/2018,Ekiti,3,4,,
9/1/2018,Enugu,1,1,,
9/1/2018,Federal Capital Territory,1,0,,
9/1/2018,Imo,2,2,,
9/1/2018,Kaduna,5,11,,
9/1/2018,Kano,1,0,,
9/1/2018,Kogi,1,0,,
9/1/2018,Lagos,4,4,,
9/1/2018,Nassarawa,2,15,,
9/1/2018,Ogun,2,6,,
9/1/2018,Osun,2,0,,
9/1/2018,Oyo,2,3,,
9/1/2018,Plateau,13,71,,
9/1/2018,Rivers,4,2,,
9/1/2018,Taraba,4,14,,
9/1/2018,Yobe,1,1,,
9/1/2018,Zamfara,4,11,,
10/1/2018,Adamawa,3,29,,
10/1/2018,Akwa Ibom,1,0,,
10/1/2018,Anambra,1,0,,
10/1/2018,Bayelsa,4,4,,
10/1/2018,Benue,7,42,,
10/1/2018,Borno,18,515,,
10/1/2018,Delta,8,13,,
10/1/2018,Ebonyi,2,6,,
10/1/2018,Edo,2,21,,
10/1/2018,Ekiti,1,1,,
10/1/2018,Enugu,1,0,,
10/1/2018,Federal Capital Territory,3,57,,
10/1/2018,Imo,3,4,,
10/1/2018,Kaduna,7,88,,
10/1/2018,Katsina,1,0,,
10/1/2018,Kogi,1,17,,
10/1/2018,Lagos,4,11,,
10/1/2018,Nassarawa,5,6,,
10/1/2018,Niger,1,0,,
10/1/2018,Ogun,2,0,,
10/1/2018,Ondo,1,1,,
10/1/2018,Plateau,9,66,,
10/1/2018,Rivers,3,3,,
10/1/2018,Sokoto,1,1,,
10/1/2018,Taraba,3,3,,
10/1/2018,Zamfara,2,6,,
11/1/2018,Adamawa,2,2,,
11/1/2018,Akwa Ibom,1,0,,
11/1/2018,Anambra,2,6,,
11/1/2018,Bauchi,1,3,,
11/1/2018,Bayelsa,3,3,,
11/1/2018,Benue,4,33,,
11/1/2018,Borno,31,273,,
11/1/2018,Cross River,2,12,,
11/1/2018,Delta,7,4,,
11/1/2018,Edo,4,4,,
11/1/2018,Ekiti,2,4,,
11/1/2018,Imo,1,0,,
11/1/2018,Kaduna,2,21,,
11/1/2018,Katsina,2,11,,
11/1/2018,Kogi,2,3,,
11/1/2018,Kwara,1,0,,
11/1/2018,Lagos,6,6,,
11/1/2018,Nassarawa,1,0,,
11/1/2018,Ogun,1,1,,
11/1/2018,Ondo,3,1,,
11/1/2018,Osun,2,0,,
11/1/2018,Oyo,1,0,,
11/1/2018,Plateau,2,2,,
11/1/2018,Rivers,7,14,,
11/1/2018,Yobe,2,0,,
11/1/2018,Zamfara,1,120,,
12/1/2018,Abia,1,0,,
12/1/2018,Anambra,4,1,,
12/1/2018,Bayelsa,3,6,,
12/1/2018,Benue,7,23,,
12/1/2018,Borno,33,162,,
12/1/2018,Cross River,4,35,,
12/1/2018,Delta,4,4,,
12/1/2018,Ekiti,4,3,,
12/1/2018,Federal Capital Territory,1,1,,
12/1/2018,Gombe,1,0,,
12/1/2018,Imo,1,2,,
12/1/2018,Jigawa,1,0,,
12/1/2018,Kaduna,2,19,,
12/1/2018,Katsina,2,0,,
12/1/2018,Kebbi,1,0,,
12/1/2018,Kogi,1,6,,
12/1/2018,Lagos,10,18,,
12/1/2018,Nassarawa,2,1,,
12/1/2018,Niger,2,10,,
12/1/2018,Ogun,1,1,,
12/1/2018,Ondo,8,11,,
12/1/2018,Osun,3,3,,
12/1/2018,Plateau,3,17,,
12/1/2018,Rivers,8,12,,
12/1/2018,Taraba,1,1,,
12/1/2018,Yobe,5,94,,
12/1/2018,Zamfara,5,55,,
1/1/2019,Abia,1,0,,
1/1/2019,Adamawa,1,0,,
1/1/2019,Anambra,1,0,,
1/1/2019,Bayelsa,1,0,,
1/1/2019,Benue,7,31,,
1/1/2019,Borno,34,599,,
1/1/2019,Delta,7,6,,
1/1/2019,Edo,3,8,,
1/1/2019,Ekiti,2,1,,
1/1/2019,Enugu,1,0,,
1/1/2019,Jigawa,1,1,,
1/1/2019,Kaduna,1,3,,
1/1/2019,Katsina,4,4,,
1/1/2019,Kogi,1,10,,
1/1/2019,Kwara,1,0,,
1/1/2019,Lagos,6,8,,
1/1/2019,Nassarawa,4,4,,
1/1/2019,Ogun,3,2,,
1/1/2019,Ondo,2,2,,
1/1/2019,Osun,1,3,,
1/1/2019,Oyo,1,0,,
1/1/2019,Plateau,1,6,,
1/1/2019,Rivers,12,25,,
1/1/2019,Sokoto,1,26,,
1/1/2019,Taraba,4,2,,
1/1/2019,Yobe,4,96,,
1/1/2019,Zamfara,8,248,,
2/1/2019,Abia,1,0,,
2/1/2019,Adamawa,8,51,,
2/1/2019,Akwa Ibom,3,0,,
2/1/2019,Anambra,2,0,,
2/1/2019,Bayelsa,4,7,,
2/1/2019,Benue,7,30,,
2/1/2019,Borno,23,279,,
2/1/2019,Cross River,1,1,,
2/1/2019,Delta,5,9,,
2/1/2019,Edo,4,7,,
2/1/2019,Ekiti,3,3,,
2/1/2019,Enugu,1,1,,
2/1/2019,Imo,4,13,,
2/1/2019,Kaduna,3,192,,
2/1/2019,Katsina,6,18,,
2/1/2019,Kogi,2,2,,
2/1/2019,Lagos,1,0,,
2/1/2019,Nassarawa,1,0,,
2/1/2019,Niger,2,14,,
2/1/2019,Ogun,1,1,,
2/1/2019,Ondo,3,4,,
2/1/2019,Osun,1,0,,
2/1/2019,Oyo,1,1,,
2/1/2019,Plateau,2,0,,
2/1/2019,Rivers,7,10,,
2/1/2019,Sokoto,2,16,,
2/1/2019,Taraba,3,11,,
2/1/2019,Yobe,6,68,,
2/1/2019,Zamfara,12,259,,
3/1/2019,Adamawa,10,142,,
3/1/2019,Akwa Ibom,1,5,,
3/1/2019,Bauchi,1,1,,
3/1/2019,Bayelsa,5,6,,
3/1/2019,Benue,6,48,,
3/1/2019,Borno,18,264,,
3/1/2019,Cross River,6,18,,
3/1/2019,Delta,5,16,,
3/1/2019,Ebonyi,1,1,,
3/1/2019,Edo,6,7,,
3/1/2019,Enugu,5,7,,
3/1/2019,Federal Capital Territory,2,1,,
3/1/2019,Gombe,1,0,,
3/1/2019,Imo,3,10,,
3/1/2019,Jigawa,1,0,,
3/1/2019,Kaduna,10,128,,
3/1/2019,Kano,2,2,,
3/1/2019,Katsina,6,1,,
3/1/2019,Kebbi,1,2,,
3/1/2019,Kogi,6,35,,
3/1/2019,Kwara,2,1,,
3/1/2019,Lagos,11,20,,
3/1/2019,Nassarawa,2,2,,
3/1/2019,Ogun,1,0,,
3/1/2019,Ondo,1,3,,
3/1/2019,Osun,3,1,,
3/1/2019,Plateau,2,0,,
3/1/2019,Rivers,14,30,,
3/1/2019,Sokoto,1,4,,
3/1/2019,Taraba,2,0,,
3/1/2019,Zamfara,20,347,,
4/1/2019,Adamawa,4,45,,
4/1/2019,Akwa Ibom,2,5,,
4/1/2019,Anambra,3,13,,
4/1/2019,Bayelsa,1,0,,
4/1/2019,Benue,10,56,,
4/1/2019,Borno,21,349,,
4/1/2019,Cross River,4,4,,
4/1/2019,Delta,7,13,,
4/1/2019,Ebonyi,2,15,,
4/1/2019,Edo,1,0,,
4/1/2019,Ekiti,1,2,,
4/1/2019,Enugu,3,3,,
4/1/2019,Federal Capital Territory,5,20,,
4/1/2019,Gombe,1,10,,
4/1/2019,Imo,3,7,,
4/1/2019,Jigawa,3,3,,
4/1/2019,Kaduna,14,55,,
4/1/2019,Katsina,8,112,,
4/1/2019,Kogi,4,8,,
4/1/2019,Kwara,1,1,,
4/1/2019,Lagos,12,26,,
4/1/2019,Nassarawa,2,19,,
4/1/2019,Niger,1,1,,
4/1/2019,Ogun,4,9,,
4/1/2019,Ondo,4,8,,
4/1/2019,Osun,1,0,,
4/1/2019,Plateau,3,6,,
4/1/2019,Rivers,22,52,,
4/1/2019,Taraba,9,53,,
4/1/2019,Yobe,2,40,,
4/1/2019,Zamfara,18,247,,
5/1/2019,Abia,2,1,,
5/1/2019,Adamawa,3,11,,
5/1/2019,Akwa Ibom,3,15,,
5/1/2019,Bauchi,1,3,,
5/1/2019,Bayelsa,1,0,,
5/1/2019,Benue,2,4,,
5/1/2019,Borno,23,383,,
5/1/2019,Cross River,1,2,,
5/1/2019,Delta,6,12,,
5/1/2019,Ebonyi,1,1,,
5/1/2019,Edo,4,16,,
5/1/2019,Ekiti,1,0,,
5/1/2019,Imo,3,2,,
5/1/2019,Kaduna,10,24,,
5/1/2019,Katsina,17,85,,
5/1/2019,Kebbi,1,0,,
5/1/2019,Kogi,2,12,,
5/1/2019,Lagos,3,3,,
5/1/2019,Nassarawa,3,4,,
5/1/2019,Ogun,1,4,,
5/1/2019,Ondo,2,0,,
5/1/2019,Osun,5,1,,
5/1/2019,Oyo,1,0,,
5/1/2019,Plateau,6,20,,
5/1/2019,Rivers,12,49,,
5/1/2019,Sokoto,3,7,,
5/1/2019,Taraba,12,43,,
5/1/2019,Zamfara,11,166,,
6/1/2019,Abia,1,1,,
6/1/2019,Adamawa,3,4,,
6/1/2019,Anambra,2,2,,
6/1/2019,Bauchi,1,1,,
6/1/2019,Bayelsa,2,6,,
6/1/2019,Benue,2,30,,
6/1/2019,Borno,34,414,,
6/1/2019,Cross River,2,1,,
6/1/2019,Delta,1,2,,
6/1/2019,Ebonyi,1,2,,
6/1/2019,Edo,1,0,,
6/1/2019,Ekiti,1,1,,
6/1/2019,Federal Capital Territory,1,0,,
6/1/2019,Imo,3,5,,
6/1/2019,Jigawa,1,1,,
6/1/2019,Kaduna,3,3,,
6/1/2019,Kano,1,0,,
6/1/2019,Katsina,8,23,,
6/1/2019,Kebbi,2,0,,
6/1/2019,Kogi,1,7,,
6/1/2019,Kwara,1,0,,
6/1/2019,Lagos,5,8,,
6/1/2019,Niger,1,70,,
6/1/2019,Ogun,2,1,,
6/1/2019,Ondo,3,1,,
6/1/2019,Osun,3,1,,
6/1/2019,Oyo,4,10,,
6/1/2019,Plateau,2,5,,
6/1/2019,Rivers,11,11,,
6/1/2019,Sokoto,4,66,,
6/1/2019,Taraba,10,58,,
6/1/2019,Yobe,2,20,,
6/1/2019,Zamfara,12,250,,
7/1/2019,Adamawa,2,1,,
7/1/2019,Akwa Ibom,2,2,,
7/1/2019,Anambra,4,4,,
7/1/2019,Bayelsa,4,8,,
7/1/2019,Benue,5,13,,
7/1/2019,Borno,16,371,,
7/1/2019,Cross River,4,5,,
7/1/2019,Delta,2,1,,
7/1/2019,Edo,7,6,,
7/1/2019,Ekiti,1,1,,
7/1/2019,Enugu,2,0,,
7/1/2019,Federal Capital Territory,7,23,,
7/1/2019,Imo,2,5,,
7/1/2019,Kaduna,9,16,,
7/1/2019,Kano,3,2,,
7/1/2019,Katsina,12,87,,
7/1/2019,Kebbi,1,1,,
7/1/2019,Kwara,1,0,,
7/1/2019,Lagos,5,7,,
7/1/2019,Niger,4,5,,
7/1/2019,Ogun,4,2,,
7/1/2019,Ondo,3,6,,
7/1/2019,Oyo,3,2,,
7/1/2019,Plateau,2,6,,
7/1/2019,Rivers,11,16,,
7/1/2019,Sokoto,1,37,,
7/1/2019,Taraba,9,23,,
7/1/2019,Yobe,1,21,,
7/1/2019,Zamfara,2,30,,
8/1/2019,Abia,3,3,,
8/1/2019,Adamawa,2,1,,
8/1/2019,Akwa Ibom,1,1,,
8/1/2019,Anambra,4,10,,
8/1/2019,Bayelsa,2,3,,
8/1/2019,Benue,6,11,,
8/1/2019,Borno,29,479,,
8/1/2019,Cross River,2,0,,
8/1/2019,Delta,3,2,,
8/1/2019,Ebonyi,1,1,,
8/1/2019,Edo,1,4,,
8/1/2019,Enugu,7,3,,
8/1/2019,Federal Capital Territory,2,0,,
8/1/2019,Imo,5,6,,
8/1/2019,Kaduna,13,38,,
8/1/2019,Katsina,5,68,,
8/1/2019,Kogi,2,2,,
8/1/2019,Lagos,10,17,,
8/1/2019,Nassarawa,1,4,,
8/1/2019,Niger,1,0,,
8/1/2019,Ogun,6,7,,
8/1/2019,Ondo,3,3,,
8/1/2019,Oyo,3,1,,
8/1/2019,Plateau,4,11,,
8/1/2019,Rivers,9,30,,
8/1/2019,Sokoto,4,3,,
8/1/2019,Taraba,7,16,,
9/1/2019,Abia,3,3,,
9/1/2019,Adamawa,3,7,,
9/1/2019,Akwa Ibom,1,3,,
9/1/2019,Anambra,2,2,,
9/1/2019,Bauchi,7,12,,
9/1/2019,Bayelsa,1,1,,
9/1/2019,Benue,4,3,,
9/1/2019,Borno,31,208,,
9/1/2019,Cross River,1,1,,
9/1/2019,Delta,10,8,,
9/1/2019,Ebonyi,1,10,,
9/1/2019,Edo,7,8,,
9/1/2019,Ekiti,3,3,,
9/1/2019,Enugu,1,0,,
9/1/2019,Federal Capital Territory,1,0,,
9/1/2019,Gombe,1,3,,
9/1/2019,Imo,1,1,,
9/1/2019,Jigawa,3,2,,
9/1/2019,Kaduna,12,18,,
9/1/2019,Kano,1,2,,
9/1/2019,Katsina,11,20,,
9/1/2019,Kogi,7,21,,
9/1/2019,Lagos,7,13,,
9/1/2019,Niger,7,14,,
9/1/2019,Ogun,1,3,,
9/1/2019,Osun,1,0,,
9/1/2019,Oyo,1,0,,
9/1/2019,Plateau,4,8,,
9/1/2019,Rivers,9,14,,
9/1/2019,Sokoto,3,8,,
9/1/2019,Taraba,8,31,,
9/1/2019,Yobe,1,2,,
10/1/2019,Adamawa,2,3,,
10/1/2019,Akwa Ibom,4,4,,
10/1/2019,Anambra,1,5,,
10/1/2019,Bayelsa,1,0,,
10/1/2019,Benue,1,0,,
10/1/2019,Borno,19,185,,
10/1/2019,Cross River,2,8,,
10/1/2019,Delta,5,4,,
10/1/2019,Ebonyi,1,0,,
10/1/2019,Edo,6,11,,
10/1/2019,Enugu,1,0,,
10/1/2019,Federal Capital Territory,9,5,,
10/1/2019,Imo,1,0,,
10/1/2019,Jigawa,3,3,,
10/1/2019,Kaduna,14,34,,
10/1/2019,Katsina,4,0,,
10/1/2019,Kebbi,1,0,,
10/1/2019,Kogi,1,1,,
10/1/2019,Kwara,1,5,,
10/1/2019,Lagos,4,9,,
10/1/2019,Nassarawa,2,3,,
10/1/2019,Niger,1,0,,
10/1/2019,Ogun,3,2,,
10/1/2019,Ondo,2,0,,
10/1/2019,Oyo,3,6,,
10/1/2019,Plateau,3,9,,
10/1/2019,Rivers,8,12,,
10/1/2019,Sokoto,2,2,,
10/1/2019,Taraba,7,12,,
10/1/2019,Yobe,2,0,,
10/1/2019,Zamfara,3,121,,
11/1/2019,Abia,2,0,,
11/1/2019,Adamawa,6,33,,
11/1/2019,Anambra,2,2,,
11/1/2019,Benue,4,17,,
11/1/2019,Borno,22,136,,
11/1/2019,Delta,3,1,,
11/1/2019,Ebonyi,1,0,,
11/1/2019,Edo,5,8,,
11/1/2019,Ekiti,1,2,,
11/1/2019,Enugu,4,2,,
11/1/2019,Federal Capital Territory,3,0,,
11/1/2019,Imo,1,2,,
11/1/2019,Jigawa,1,0,,
11/1/2019,Kaduna,11,13,,
11/1/2019,Katsina,4,6,,
11/1/2019,Kogi,4,14,,
11/1/2019,Lagos,6,6,,
11/1/2019,Niger,1,0,,
11/1/2019,Ogun,2,0,,
11/1/2019,Ondo,2,2,,
11/1/2019,Osun,3,3,,
11/1/2019,Oyo,3,4,,
11/1/2019,Plateau,2,2,,
11/1/2019,Rivers,2,3,,
11/1/2019,Taraba,5,13,,
11/1/2019,Yobe,5,24,,
11/1/2019,Zamfara,1,14,,
12/1/2019,Abia,5,9,,
12/1/2019,Adamawa,7,2,,
12/1/2019,Anambra,3,27,,
12/1/2019,Bayelsa,5,8,,
12/1/2019,Benue,5,4,,
12/1/2019,Borno,29,283,,
12/1/2019,Cross River,3,13,,
12/1/2019,Delta,2,0,,
12/1/2019,Ebonyi,1,1,,
12/1/2019,Edo,6,16,,
12/1/2019,Ekiti,1,1,,
12/1/2019,Federal Capital Territory,8,24,,
12/1/2019,Imo,3,5,,
12/1/2019,Jigawa,1,1,,
12/1/2019,Kaduna,5,5,,
12/1/2019,Kano,1,1,,
12/1/2019,Katsina,3,1,,
12/1/2019,Kebbi,1,2,,
12/1/2019,Kogi,6,11,,
12/1/2019,Kwara,1,0,,
12/1/2019,Lagos,13,12,,
12/1/2019,Niger,4,22,,
12/1/2019,Ogun,2,1,,
12/1/2019,Ondo,6,7,,
12/1/2019,Osun,3,6,,
12/1/2019,Plateau,1,0,,
12/1/2019,Rivers,5,11,,
12/1/2019,Sokoto,1,1,,
12/1/2019,Taraba,2,2,,
12/1/2019,Yobe,2,62,,
1/1/2020,Abia,1,1,,
1/1/2020,Adamawa,11,31,,
1/1/2020,Anambra,2,4,,
1/1/2020,Bayelsa,4,3,,
1/1/2020,Benue,3,1,,
1/1/2020,Borno,36,388,,
1/1/2020,Cross River,1,0,,
1/1/2020,Delta,8,13,,
1/1/2020,Edo,4,4,,
1/1/2020,Enugu,1,4,,
1/1/2020,Federal Capital Territory,10,2,,
1/1/2020,Imo,5,4,,
1/1/2020,Jigawa,1,0,,
1/1/2020,Kaduna,14,60,,
1/1/2020,Kano,1,0,,
1/1/2020,Katsina,16,50,,
1/1/2020,Kogi,4,30,,
1/1/2020,Kwara,2,2,,
1/1/2020,Lagos,6,14,,
1/1/2020,Nassarawa,2,5,,
1/1/2020,Niger,7,20,,
1/1/2020,Ogun,1,1,,
1/1/2020,Ondo,6,5,,
1/1/2020,Osun,3,3,,
1/1/2020,Oyo,4,5,,
1/1/2020,Plateau,5,40,,
1/1/2020,Rivers,4,6,,
1/1/2020,Sokoto,2,6,,
1/1/2020,Taraba,8,13,,
1/1/2020,Yobe,1,0,,
1/1/2020,Zamfara,6,145,,
2/1/2020,Abia,3,6,,
2/1/2020,Adamawa,2,4,,
2/1/2020,Anambra,3,6,,
2/1/2020,Bayelsa,5,7,,
2/1/2020,Benue,4,7,,
2/1/2020,Borno,31,201,,
2/1/2020,Cross River,3,0,,
2/1/2020,Delta,6,23,,
2/1/2020,Edo,9,24,,
2/1/2020,Ekiti,1,0,,
2/1/2020,Federal Capital Territory,9,6,,
2/1/2020,Kaduna,16,555,,
2/1/2020,Katsina,9,92,,
2/1/2020,Kogi,9,5,,
2/1/2020,Kwara,2,0,,
2/1/2020,Lagos,5,11,,
2/1/2020,Nassarawa,1,0,,
2/1/2020,Niger,9,11,,
2/1/2020,Ogun,5,5,,
2/1/2020,Ondo,4,9,,
2/1/2020,Oyo,3,3,,
2/1/2020,Plateau,11,16,,
2/1/2020,Rivers,5,24,,
2/1/2020,Sokoto,1,0,,
2/1/2020,Taraba,3,3,,
2/1/2020,Yobe,3,10,,
2/1/2020,Zamfara,2,18,,
3/1/2020,Adamawa,3,9,,
3/1/2020,Anambra,1,0,,
3/1/2020,Bauchi,2,1,,
3/1/2020,Bayelsa,3,4,,
3/1/2020,Benue,9,27,,
3/1/2020,Borno,22,690,,
3/1/2020,Cross River,2,1,,
3/1/2020,Delta,5,10,,
3/1/2020,Ebonyi,2,9,,
3/1/2020,Edo,1,0,,
3/1/2020,Federal Capital Territory,3,1,,
3/1/2020,Imo,3,4,,
3/1/2020,Jigawa,2,0,,
3/1/2020,Kaduna,13,107,,
3/1/2020,Kano,2,2,,
3/1/2020,Katsina,8,66,,
3/1/2020,Kwara,1,1,,
3/1/2020,Lagos,1,4,,
3/1/2020,Niger,5,69,,
3/1/2020,Ogun,2,4,,
3/1/2020,Ondo,6,5,,
3/1/2020,Oyo,4,7,,
3/1/2020,Plateau,3,17,,
3/1/2020,Rivers,4,1,,
3/1/2020,Sokoto,1,1,,
3/1/2020,Taraba,5,3,,
3/1/2020,Yobe,2,16,,
3/1/2020,Zamfara,10,45,,
4/1/2020,Abia,5,5,,
4/1/2020,Adamawa,7,4,,
4/1/2020,Anambra,3,6,,
4/1/2020,Bayelsa,3,3,,
4/1/2020,Benue,11,24,,
4/1/2020,Borno,24,232,,
4/1/2020,Cross River,2,2,,
4/1/2020,Delta,12,11,,
4/1/2020,Edo,5,12,,
4/1/2020,Ekiti,4,3,,
4/1/2020,Enugu,1,1,,
4/1/2020,Federal Capital Territory,4,4,,
4/1/2020,Imo,1,0,,
4/1/2020,Jigawa,1,1,,
4/1/2020,Kaduna,11,34,,
4/1/2020,Katsina,9,70,,
4/1/2020,Kogi,4,10,,
4/1/2020,Kwara,1,1,,
4/1/2020,Lagos,3,7,,
4/1/2020,Nassarawa,3,4,,
4/1/2020,Niger,7,32,,
4/1/2020,Ogun,6,6,,
4/1/2020,Ondo,3,2,,
4/1/2020,Osun,2,2,,
4/1/2020,Oyo,3,1,,
4/1/2020,Plateau,4,13,,
4/1/2020,Rivers,4,9,,
4/1/2020,Sokoto,2,23,,
4/1/2020,Taraba,3,27,,
4/1/2020,Yobe,4,132,,
4/1/2020,Zamfara,4,166,,
5/1/2020,Abia,2,0,,
5/1/2020,Adamawa,7,74,,
5/1/2020,Anambra,5,15,,
5/1/2020,Bayelsa,2,0,,
5/1/2020,Benue,12,39,,
5/1/2020,Borno,22,434,,
5/1/2020,Cross River,5,25,,
5/1/2020,Delta,7,10,,
5/1/2020,Ebonyi,5,5,,
5/1/2020,Edo,3,3,,
5/1/2020,Ekiti,1,1,,
5/1/2020,Enugu,3,2,,
5/1/2020,Federal Capital Territory,2,1,,
5/1/2020,Imo,3,5,,
5/1/2020,Jigawa,1,0,,
5/1/2020,Kaduna,8,67,,
5/1/2020,Katsina,17,134,,
5/1/2020,Kogi,3,7,,
5/1/2020,Kwara,2,3,,
5/1/2020,Lagos,6,8,,
5/1/2020,Nassarawa,5,7,,
5/1/2020,Niger,5,30,,
5/1/2020,Ogun,6,7,,
5/1/2020,Ondo,3,0,,
5/1/2020,Oyo,2,3,,
5/1/2020,Plateau,5,13,,
5/1/2020,Rivers,4,6,,
5/1/2020,Sokoto,4,81,,
5/1/2020,Taraba,7,60,,
5/1/2020,Yobe,4,24,,
5/1/2020,Zamfara,5,139,,
6/1/2020,Adamawa,5,25,,
6/1/2020,Akwa Ibom,2,4,,
6/1/2020,Anambra,1,1,,
6/1/2020,Bauchi,1,10,,
6/1/2020,Bayelsa,3,9,,
6/1/2020,Benue,14,86,,
6/1/2020,Borno,32,516,,
6/1/2020,Cross River,1,1,,
6/1/2020,Delta,6,8,,
6/1/2020,Ebonyi,4,7,,
6/1/2020,Federal Capital Territory,5,12,,
6/1/2020,Imo,2,2,,
6/1/2020,Jigawa,1,3,,
6/1/2020,Kaduna,9,82,,
6/1/2020,Katsina,13,118,,
6/1/2020,Kogi,7,22,,
6/1/2020,Kwara,2,1,,
6/1/2020,Lagos,1,1,,
6/1/2020,Nassarawa,2,0,,
6/1/2020,Niger,6,14,,
6/1/2020,Ondo,4,3,,
6/1/2020,Osun,1,2,,
6/1/2020,Oyo,7,6,,
6/1/2020,Plateau,7,10,,
6/1/2020,Rivers,6,7,,
6/1/2020,Taraba,8,29,,
6/1/2020,Zamfara,11,122,,
7/1/2020,Abia,3,2,,
7/1/2020,Adamawa,2,0,,
7/1/2020,Akwa Ibom,1,2,,
7/1/2020,Anambra,2,2,,
7/1/2020,Bayelsa,3,5,,
7/1/2020,Benue,7,23,,
7/1/2020,Borno,23,322,,
7/1/2020,Cross River,2,1,,
7/1/2020,Delta,3,3,,
7/1/2020,Ebonyi,4,12,,
7/1/2020,Edo,2,2,,
7/1/2020,Ekiti,1,0,,
7/1/2020,Enugu,1,0,,
7/1/2020,Federal Capital Territory,2,0,,
7/1/2020,Imo,2,1,,
7/1/2020,Jigawa,1,2,,
7/1/2020,Kaduna,17,87,,
7/1/2020,Kano,1,0,,
7/1/2020,Katsina,22,222,,
7/1/2020,Kebbi,1,1,,
7/1/2020,Kogi,12,36,,
7/1/2020,Lagos,3,1,,
7/1/2020,Nassarawa,7,17,,
7/1/2020,Niger,4,2,,
7/1/2020,Ogun,3,4,,
7/1/2020,Ondo,2,0,,
7/1/2020,Oyo,5,13,,
7/1/2020,Plateau,7,8,,
7/1/2020,Rivers,3,3,,
7/1/2020,Sokoto,3,8,,
7/1/2020,Taraba,8,9,,
7/1/2020,Zamfara,8,166,,
8/1/2020,Akwa Ibom,3,1,,
8/1/2020,Anambra,2,3,,
8/1/2020,Bauchi,1,1,,
8/1/2020,Bayelsa,5,24,,
8/1/2020,Benue,2,13,,
8/1/2020,Borno,19,173,,
8/1/2020,Cross River,2,5,,
8/1/2020,Delta,13,11,,
8/1/2020,Edo,1,0,,
8/1/2020,Enugu,2,24,,
8/1/2020,Imo,2,2,,
8/1/2020,Jigawa,1,0,,
8/1/2020,Kaduna,13,62,,
8/1/2020,Katsina,10,36,,
8/1/2020,Kogi,1,0,,
8/1/2020,Kwara,1,1,,
8/1/2020,Lagos,1,2,,
8/1/2020,Nassarawa,2,2,,
8/1/2020,Niger,5,44,,
8/1/2020,Ogun,2,2,,
8/1/2020,Ondo,2,0,,
8/1/2020,Osun,1,1,,
8/1/2020,Oyo,7,9,,
8/1/2020,Plateau,1,1,,
8/1/2020,Rivers,6,17,,
8/1/2020,Sokoto,2,3,,
8/1/2020,Taraba,2,4,,
8/1/2020,Yobe,3,6,,
8/1/2020,Zamfara,6,10,,
9/1/2020,Abia,6,14,,
9/1/2020,Akwa Ibom,2,3,,
9/1/2020,Anambra,1,4,,
9/1/2020,Benue,4,8,,
9/1/2020,Borno,27,318,,
9/1/2020,Cross River,1,2,,
9/1/2020,Delta,9,7,,
9/1/2020,Ebonyi,3,4,,
9/1/2020,Edo,1,0,,
9/1/2020,Ekiti,3,3,,
9/1/2020,Federal Capital Territory,3,0,,
9/1/2020,Imo,1,1,,
9/1/2020,Jigawa,3,3,,
9/1/2020,Kaduna,21,45,,
9/1/2020,Katsina,11,60,,
9/1/2020,Kebbi,1,1,,
9/1/2020,Kogi,2,3,,
9/1/2020,Lagos,4,1,,
9/1/2020,Nassarawa,6,9,,
9/1/2020,Niger,6,64,,
9/1/2020,Ogun,3,4,,
9/1/2020,Ondo,1,2,,
9/1/2020,Osun,4,3,,
9/1/2020,Plateau,6,9,,
9/1/2020,Rivers,3,4,,
9/1/2020,Sokoto,3,5,,
9/1/2020,Taraba,4,8,,
9/1/2020,Yobe,1,4,,
9/1/2020,Zamfara,9,35,,
10/1/2020,Abia,4,7,,
10/1/2020,Adamawa,1,1,,
10/1/2020,Akwa Ibom,8,19,,
10/1/2020,Anambra,9,10,,
10/1/2020,Bauchi,2,3,,
10/1/2020,Bayelsa,1,0,,
10/1/2020,Benue,4,6,,
10/1/2020,Borno,18,196,,
10/1/2020,Cross River,5,25,,
10/1/2020,Delta,22,29,,
10/1/2020,Ebonyi,7,5,,
10/1/2020,Edo,13,35,,
10/1/2020,Ekiti,6,3,,
10/1/2020,Enugu,2,5,,
10/1/2020,Federal Capital Territory,14,14,,
10/1/2020,Gombe,1,0,,
10/1/2020,Jigawa,4,2,,
10/1/2020,Kaduna,10,39,,
10/1/2020,Kano,5,5,,
10/1/2020,Katsina,18,122,,
10/1/2020,Kogi,6,8,,
10/1/2020,Kwara,5,6,,
10/1/2020,Lagos,37,97,,
10/1/2020,Nassarawa,7,5,,
10/1/2020,Niger,4,14,,
10/1/2020,Ogun,2,3,,
10/1/2020,Ondo,7,10,,
10/1/2020,Osun,8,8,,
10/1/2020,Oyo,11,32,,
10/1/2020,Plateau,7,37,,
10/1/2020,Rivers,12,16,,
10/1/2020,Sokoto,2,12,,
10/1/2020,Taraba,1,0,,
10/1/2020,Yobe,2,14,,
10/1/2020,Zamfara,6,27,,
11/1/2020,Abia,1,0,,
11/1/2020,Adamawa,2,2,,
11/1/2020,Akwa Ibom,2,3,,
11/1/2020,Anambra,2,4,,
11/1/2020,Bayelsa,4,2,,
11/1/2020,Benue,3,4,,
11/1/2020,Borno,35,307,,
11/1/2020,Cross River,4,2,,
11/1/2020,Delta,11,25,,
11/1/2020,Ebonyi,3,5,,
11/1/2020,Edo,12,18,,
11/1/2020,Ekiti,5,5,,
11/1/2020,Federal Capital Territory,6,1,,
11/1/2020,Imo,2,3,,
11/1/2020,Jigawa,1,0,,
11/1/2020,Kaduna,31,76,,
11/1/2020,Kano,3,4,,
11/1/2020,Katsina,13,114,,
11/1/2020,Kebbi,2,2,,
11/1/2020,Kogi,2,0,,
11/1/2020,Kwara,2,2,,
11/1/2020,Lagos,9,7,,
11/1/2020,Nassarawa,3,2,,
11/1/2020,Niger,5,15,,
11/1/2020,Ogun,4,3,,
11/1/2020,Ondo,9,6,,
11/1/2020,Oyo,6,9,,
11/1/2020,Plateau,3,4,,
11/1/2020,Rivers,9,5,,
11/1/2020,Sokoto,2,2,,
11/1/2020,Taraba,2,6,,
11/1/2020,Yobe,2,10,,
11/1/2020,Zamfara,10,29,,
12/1/2020,Abia,2,0,,
12/1/2020,Adamawa,2,8,,
12/1/2020,Anambra,6,8,,
12/1/2020,Bayelsa,2,6,,
12/1/2020,Benue,15,38,,
12/1/2020,Borno,30,214,,
12/1/2020,Cross River,4,5,,
12/1/2020,Delta,11,18,,
12/1/2020,Ebonyi,3,10,,
12/1/2020,Edo,13,23,,
12/1/2020,Ekiti,1,0,,
12/1/2020,Enugu,1,1,,
12/1/2020,Federal Capital Territory,1,5,,
12/1/2020,Imo,4,2,,
12/1/2020,Jigawa,5,6,,
12/1/2020,Kaduna,22,126,,
12/1/2020,Kano,5,18,,
12/1/2020,Katsina,19,46,,
12/1/2020,Kogi,5,5,,
12/1/2020,Lagos,4,7,,
12/1/2020,Nassarawa,1,2,,
12/1/2020,Niger,15,31,,
12/1/2020,Ogun,14,31,,
12/1/2020,Ondo,10,11,,
12/1/2020,Osun,6,11,,
12/1/2020,Oyo,12,14,,
12/1/2020,Plateau,3,9,,
12/1/2020,Rivers,9,7,,
12/1/2020,Sokoto,2,4,,
12/1/2020,Taraba,6,6,,
12/1/2020,Yobe,1,1,,
12/1/2020,Zamfara,6,6,,
1/1/2021,Abia,2,2,,
1/1/2021,Adamawa,1,0,,
1/1/2021,Akwa Ibom,2,10,,
1/1/2021,Anambra,1,2,,
1/1/2021,Bauchi,2,0,,
1/1/2021,Bayelsa,4,0,,
1/1/2021,Benue,5,9,,
1/1/2021,Borno,28,268,,
1/1/2021,Cross River,1,4,,
1/1/2021,Delta,22,30,,
1/1/2021,Ebonyi,4,45,,
1/1/2021,Edo,11,11,,
1/1/2021,Ekiti,1,0,,
1/1/2021,Federal Capital Territory,3,1,,
1/1/2021,Gombe,2,2,,
1/1/2021,Imo,7,23,,
1/1/2021,Kaduna,44,250,,
1/1/2021,Kano,1,1,,
1/1/2021,Katsina,7,50,,
1/1/2021,Kogi,2,1,,
1/1/2021,Kwara,2,5,,
1/1/2021,Lagos,8,25,,
1/1/2021,Nassarawa,7,32,,
1/1/2021,Niger,11,24,,
1/1/2021,Ogun,3,3,,
1/1/2021,Ondo,7,11,,
1/1/2021,Osun,5,2,,
1/1/2021,Oyo,18,32,,
1/1/2021,Plateau,4,7,,
1/1/2021,Rivers,8,9,,
1/1/2021,Sokoto,2,6,,
1/1/2021,Taraba,4,5,,
1/1/2021,Yobe,7,152,,
1/1/2021,Zamfara,12,250,,
2/1/2021,Abia,6,18,,
2/1/2021,Adamawa,2,4,,
2/1/2021,Akwa Ibom,2,4,,
2/1/2021,Anambra,6,16,,
2/1/2021,Bayelsa,6,3,,
2/1/2021,Benue,4,3,,
2/1/2021,Borno,27,431,,
2/1/2021,Cross River,2,4,,
2/1/2021,Delta,19,17,,
2/1/2021,Ebonyi,2,25,,
2/1/2021,Edo,9,33,,
2/1/2021,Ekiti,1,0,,
2/1/2021,Enugu,1,1,,
2/1/2021,Federal Capital Territory,7,6,,
2/1/2021,Gombe,1,4,,
2/1/2021,Imo,7,10,,
2/1/2021,Jigawa,1,1,,
2/1/2021,Kaduna,38,268,,
2/1/2021,Katsina,10,23,,
2/1/2021,Kogi,3,12,,
2/1/2021,Kwara,2,0,,
2/1/2021,Lagos,7,5,,
2/1/2021,Niger,13,58,,
2/1/2021,Ogun,14,33,,
2/1/2021,Ondo,6,10,,
2/1/2021,Osun,4,4,,
2/1/2021,Oyo,7,10,,
2/1/2021,Plateau,5,31,,
2/1/2021,Rivers,7,11,,
2/1/2021,Sokoto,5,10,,
2/1/2021,Taraba,3,2,,
2/1/2021,Yobe,5,11,,
2/1/2021,Zamfara,6,71,,
3/1/2021,Abia,4,35,,
3/1/2021,Akwa Ibom,8,30,,
3/1/2021,Anambra,14,30,,
3/1/2021,Bauchi,1,2,,
3/1/2021,Bayelsa,2,1,,
3/1/2021,Benue,14,24,,
3/1/2021,Borno,30,476,,
3/1/2021,Cross River,3,6,,
3/1/2021,Delta,10,17,,
3/1/2021,Ebonyi,5,45,,
3/1/2021,Edo,5,7,,
3/1/2021,Ekiti,6,4,,
3/1/2021,Enugu,1,8,,
3/1/2021,Federal Capital Territory,8,6,,
3/1/2021,Imo,4,5,,
3/1/2021,Jigawa,1,1,,
3/1/2021,Kaduna,46,99,,
3/1/2021,Kano,1,1,,
3/1/2021,Katsina,11,15,,
3/1/2021,Kebbi,1,0,,
3/1/2021,Kogi,2,0,,
3/1/2021,Kwara,4,8,,
3/1/2021,Lagos,4,6,,
3/1/2021,Nassarawa,1,17,,
3/1/2021,Niger,19,87,,
3/1/2021,Ogun,6,3,,
3/1/2021,Ondo,4,5,,
3/1/2021,Osun,9,16,,
3/1/2021,Oyo,9,14,,
3/1/2021,Plateau,9,8,,
3/1/2021,Rivers,1,3,,
3/1/2021,Sokoto,7,46,,
3/1/2021,Taraba,3,12,,
3/1/2021,Yobe,1,0,,
3/1/2021,Zamfara,10,83,,
4/1/2021,Abia,4,2,,
4/1/2021,Adamawa,3,21,,
4/1/2021,Akwa Ibom,7,28,,
4/1/2021,Anambra,9,38,,
4/1/2021,Bauchi,2,0,,
4/1/2021,Bayelsa,3,6,,
4/1/2021,Benue,19,179,,
4/1/2021,Borno,16,252,,
4/1/2021,Cross River,4,19,,
4/1/2021,Delta,9,14,,
4/1/2021,Ebonyi,13,34,,
4/1/2021,Edo,7,4,,
4/1/2021,Ekiti,7,6,,
4/1/2021,Enugu,3,5,,
4/1/2021,Federal Capital Territory,8,5,,
4/1/2021,Gombe,2,21,,
4/1/2021,Imo,18,57,,
4/1/2021,Kaduna,26,83,,
4/1/2021,Katsina,17,59,,
4/1/2021,Kebbi,2,22,,
4/1/2021,Kogi,1,0,,
4/1/2021,Kwara,3,4,,
4/1/2021,Lagos,1,1,,
4/1/2021,Nassarawa,5,13,,
4/1/2021,Niger,8,33,,
4/1/2021,Ogun,3,2,,
4/1/2021,Ondo,6,4,,
4/1/2021,Osun,4,1,,
4/1/2021,Oyo,12,3,,
4/1/2021,Plateau,7,16,,
4/1/2021,Rivers,12,38,,
4/1/2021,Sokoto,2,10,,
4/1/2021,Taraba,8,16,,
4/1/2021,Yobe,4,80,,
4/1/2021,Zamfara,12,202,,
5/1/2021,Abia,10,24,,
5/1/2021,Adamawa,3,2,,
5/1/2021,Akwa Ibom,8,29,,
5/1/2021,Anambra,12,34,,
5/1/2021,Bayelsa,4,5,,
5/1/2021,Benue,11,289,,
5/1/2021,Borno,14,183,,
5/1/2021,Cross River,3,13,,
5/1/2021,Delta,15,31,,
5/1/2021,Ebonyi,8,58,,
5/1/2021,Edo,3,8,,
5/1/2021,Ekiti,1,2,,
5/1/2021,Enugu,8,23,,
5/1/2021,Federal Capital Territory,4,2,,
5/1/2021,Gombe,1,1,,
5/1/2021,Imo,22,68,,
5/1/2021,Kaduna,26,91,,
5/1/2021,Katsina,11,38,,
5/1/2021,Kogi,3,5,,
5/1/2021,Kwara,5,5,,
5/1/2021,Lagos,11,9,,
5/1/2021,Nassarawa,5,6,,
5/1/2021,Niger,13,88,,
5/1/2021,Ogun,11,13,,
5/1/2021,Ondo,9,13,,
5/1/2021,Osun,8,11,,
5/1/2021,Oyo,7,12,,
5/1/2021,Plateau,6,24,,
5/1/2021,Rivers,12,40,,
5/1/2021,Sokoto,4,26,,
5/1/2021,Taraba,7,46,,
5/1/2021,Zamfara,11,154,,
6/1/2021,Abia,2,28,,
6/1/2021,Adamawa,1,1,,
6/1/2021,Akwa Ibom,4,6,,
6/1/2021,Anambra,6,12,,
6/1/2021,Benue,10,94,,
6/1/2021,Borno,15,249,,
6/1/2021,Cross River,2,2,,
6/1/2021,Delta,9,6,,
6/1/2021,Ebonyi,1,10,,
6/1/2021,Edo,7,6,,
6/1/2021,Ekiti,4,1,,
6/1/2021,Enugu,8,9,,
6/1/2021,Federal Capital Territory,7,5,,
6/1/2021,Gombe,1,8,,
6/1/2021,imo,21,90,,
6/1/2021,Jigawa,1,1,,
6/1/2021,Kaduna,21,24,,
6/1/2021,Kano,1,0,,
6/1/2021,Katsina,7,17,,
6/1/2021,Kebbi,9,175,,
6/1/2021,Kogi,13,25,,
6/1/2021,Kwara,9,11,,
6/1/2021,Lagos,3,4,,
6/1/2021,Nassarawa,2,7,,
6/1/2021,Niger,10,153,,
6/1/2021,Ogun,8,8,,
6/1/2021,Ondo,4,6,,
6/1/2021,Osun,12,12,,
6/1/2021,Oyo,13,44,,
6/1/2021,Plateau,8,26,,
6/1/2021,Rivers,3,4,,
6/1/2021,Sokoto,1,3,,
6/1/2021,Taraba,2,4,,
6/1/2021,Yobe,1,4,,
6/1/2021,Zamfara,14,354,,
7/1/2021,Abia,1,1,,
7/1/2021,Adamawa,2,31,,
7/1/2021,Akwa Ibom,4,7,,
7/1/2021,Anambra,2,15,,
7/1/2021,Bauchi,2,1,,
7/1/2021,Bayelsa,4,2,,
7/1/2021,Benue,6,53,,
7/1/2021,Borno,9,89,,
7/1/2021,Cross River,1,0,,
7/1/2021,Delta,8,17,,
7/1/2021,Ebonyi,2,5,,
7/1/2021,Edo,7,6,,
7/1/2021,Ekiti,3,2,,
7/1/2021,Enugu,7,34,,
7/1/2021,Federal Capital Territory,1,1,,
7/1/2021,Gombe,1,0,,
7/1/2021,Imo,12,27,,
7/1/2021,Jigawa,6,4,,
7/1/2021,Kaduna,20,78,,
7/1/2021,Katsina,13,40,,
7/1/2021,Kebbi,1,7,,
7/1/2021,Kogi,5,4,,
7/1/2021,Kwara,1,0,,
7/1/2021,Lagos,9,15,,
7/1/2021,Nassarawa,7,7,,
7/1/2021,Niger,3,28,,
7/1/2021,Ogun,2,2,,
7/1/2021,Ondo,6,8,,
7/1/2021,Osun,4,3,,
7/1/2021,Oyo,10,18,,
7/1/2021,Plateau,11,40,,
7/1/2021,Rivers,3,1,,
7/1/2021,Sokoto,2,4,,
7/1/2021,Taraba,3,4,,
7/1/2021,Yobe,3,3,,
7/1/2021,Zamfara,13,183,,
8/1/2021,Abia,2,1,,
8/1/2021,Adamawa,1,1,,
8/1/2021,Akwa Ibom,2,2,,
8/1/2021,Anambra,7,29,,
8/1/2021,Bayelsa,1,0,,
8/1/2021,Benue,10,42,,
8/1/2021,Borno,8,102,,
8/1/2021,Cross River,3,6,,
8/1/2021,Delta,9,13,,
8/1/2021,Ebonyi,2,6,,
8/1/2021,Edo,2,1,,
8/1/2021,Ekiti,3,1,,
8/1/2021,Enugu,1,2,,
8/1/2021,Federal Capital Territory,2,0,,
8/1/2021,Imo,15,126,,
8/1/2021,Kaduna,20,127,,
8/1/2021,Katsina,9,40,,
8/1/2021,Kogi,3,11,,
8/1/2021,Kwara,11,4,,
8/1/2021,Lagos,5,11,,
8/1/2021,Nassarawa,1,0,,
8/1/2021,Niger,6,100,,
8/1/2021,Ogun,11,23,,
8/1/2021,Ondo,4,4,,
8/1/2021,Osun,9,27,,
8/1/2021,Oyo,1,1,,
8/1/2021,Plateau,14,115,,
8/1/2021,Rivers,8,17,,
8/1/2021,Sokoto,2,12,,
8/1/2021,Taraba,1,0,,
8/1/2021,Yobe,2,0,,
8/1/2021,Zamfara,20,248,,
9/1/2021,Abia,3,1,,
9/1/2021,Adamawa,1,7,,
9/1/2021,Akwa Ibom,3,0,,
9/1/2021,Anambra,10,26,,
9/1/2021,Bauchi,2,2,,
9/1/2021,Bayelsa,4,7,,
9/1/2021,Benue,6,16,,
9/1/2021,Borno,8,143,,
9/1/2021,Delta,11,21,,
9/1/2021,Ebonyi,4,7,,
9/1/2021,Edo,4,3,,
9/1/2021,Ekiti,2,0,,
9/1/2021,Enugu,2,2,,
9/1/2021,Federal Capital Territory,9,12,,
9/1/2021,Imo,11,18,,
9/1/2021,Kaduna,21,120,,
9/1/2021,Kano,1,1,,
9/1/2021,Katsina,7,1,,
9/1/2021,Kebbi,1,5,,
9/1/2021,Kogi,9,33,,
9/1/2021,Kwara,4,2,,
9/1/2021,Lagos,8,7,,
9/1/2021,Nassarawa,1,0,,
9/1/2021,Niger,11,289,,
9/1/2021,Ogun,7,3,,
9/1/2021,Ondo,1,0,,
9/1/2021,Osun,3,5,,
9/1/2021,Oyo,1,1,,
9/1/2021,Plateau,6,11,,
9/1/2021,Rivers,5,5,,
9/1/2021,Sokoto,7,56,,
9/1/2021,Taraba,1,1,,
9/1/2021,Yobe,3,13,,
9/1/2021,Zamfara,11,53,,
10/1/2021,Abia,6,13,,
10/1/2021,Adamawa,1,0,,
10/1/2021,Akwa Ibom,3,7,,
10/1/2021,Anambra,9,40,,
10/1/2021,Bauchi,1,10,,
10/1/2021,Bayelsa,2,1,,
10/1/2021,Benue,2,3,,
10/1/2021,Borno,12,185,,
10/1/2021,Cross River,1,0,,
10/1/2021,Delta,11,23,,
10/1/2021,Ebonyi,8,35,,
10/1/2021,Edo,5,0,,
10/1/2021,Ekiti,5,0,,
10/1/2021,Enugu,7,4,,
10/1/2021,Federal Capital Territory,5,4,,
10/1/2021,Imo,10,13,,
10/1/2021,Kaduna,14,105,,
10/1/2021,Kano,1,0,,
10/1/2021,Katsina,5,27,,
10/1/2021,Kogi,8,11,,
10/1/2021,Kwara,5,2,,
10/1/2021,Lagos,7,11,,
10/1/2021,Nassarawa,3,0,,
10/1/2021,Niger,11,169,,
10/1/2021,Ogun,8,18,,
10/1/2021,Ondo,3,1,,
10/1/2021,Osun,1,3,,
10/1/2021,Oyo,2,8,,
10/1/2021,Plateau,2,6,,
10/1/2021,Rivers,3,2,,
10/1/2021,Sokoto,3,80,,
10/1/2021,Taraba,1,1,,
10/1/2021,Yobe,2,86,,
10/1/2021,Zamfara,10,94,,
11/1/2021,Abia,2,0,,
11/1/2021,Adamawa,1,7,,
11/1/2021,Akwa Ibom,2,2,,
11/1/2021,Anambra,6,9,,
11/1/2021,Bauchi,1,1,,
11/1/2021,Bayelsa,3,5,,
11/1/2021,Benue,5,16,,
11/1/2021,Borno,21,242,,
11/1/2021,Cross River,2,1,,
11/1/2021,Delta,4,3,,
11/1/2021,Ebonyi,3,17,,
11/1/2021,Edo,3,5,,
11/1/2021,Ekiti,3,4,,
11/1/2021,Enugu,2,5,,
11/1/2021,Federal Capital Territory,4,0,,
11/1/2021,Gombe,1,5,,
11/1/2021,Imo,14,17,,
11/1/2021,Kaduna,19,71,,
11/1/2021,Kano,1,0,,
11/1/2021,Katsina,9,32,,
11/1/2021,Kogi,3,0,,
11/1/2021,Kwara,3,1,,
11/1/2021,Lagos,6,8,,
11/1/2021,Nassarawa,3,2,,
11/1/2021,Niger,13,88,,
11/1/2021,Ogun,5,0,,
11/1/2021,Ondo,9,11,,
11/1/2021,Osun,4,0,,
11/1/2021,Plateau,6,35,,
11/1/2021,Rivers,10,15,,
11/1/2021,Sokoto,7,73,,
11/1/2021,Taraba,5,40,,
11/1/2021,Yobe,2,40,,
11/1/2021,Zamfara,6,33,,
12/1/2021,Abia,3,4,,
12/1/2021,Adamawa,7,10,,
12/1/2021,Akwa Ibom,1,1,,
12/1/2021,Anambra,9,28,,
12/1/2021,Bayelsa,2,0,,
12/1/2021,Benue,3,5,,
12/1/2021,Borno,16,311,,
12/1/2021,Delta,15,21,,
12/1/2021,Ebonyi,2,2,,
12/1/2021,Ekiti,4,0,,
12/1/2021,Enugu,3,0,,
12/1/2021,Federal Capital Territory,3,3,,
12/1/2021,Imo,10,23,,
12/1/2021,Jigawa,1,3,,
12/1/2021,Kaduna,21,114,,
12/1/2021,Kano,2,0,,
12/1/2021,Katsina,3,11,,
12/1/2021,Kogi,5,9,,
12/1/2021,Kwara,2,1,,
12/1/2021,Lagos,4,3,,
12/1/2021,Nassarawa,2,46,,
12/1/2021,Niger,3,16,,
12/1/2021,Ogun,3,2,,
12/1/2021,Ondo,4,2,,
12/1/2021,Osun,9,5,,
12/1/2021,Oyo,1,0,,
12/1/2021,Plateau,2,10,,
12/1/2021,Rivers,1,1,,
12/1/2021,Sokoto,6,101,,
12/1/2021,Taraba,2,0,,
12/1/2021,Yobe,2,34,,
12/1/2021,Zamfara,9,44,,
1/1/2022,Abia,6,4,,
1/1/2022,Adamawa,2,4,,
1/1/2022,Akwa Ibom,4,7,,
1/1/2022,Anambra,5,12,,
1/1/2022,Bayelsa,3,1,,
1/1/2022,Benue,5,6,,
1/1/2022,Borno,18,139,,
1/1/2022,Cross River,1,2,,
1/1/2022,Delta,6,4,,
1/1/2022,Ebonyi,4,7,,
1/1/2022,Edo,6,5,,
1/1/2022,Ekiti,3,0,,
1/1/2022,Enugu,5,13,,
1/1/2022,Federal Capital Territory,1,0,,
1/1/2022,Imo,16,8,,
1/1/2022,Jigawa,3,5,,
1/1/2022,Kaduna,22,105,,
1/1/2022,Kano,1,0,,
1/1/2022,Katsina,10,82,,
1/1/2022,Kebbi,1,16,,
1/1/2022,Kogi,1,1,,
1/1/2022,Kwara,6,4,,
1/1/2022,Lagos,5,7,,
1/1/2022,Nassarawa,2,0,,
1/1/2022,Niger,16,278,,
1/1/2022,Ogun,9,20,,
1/1/2022,Ondo,8,14,,
1/1/2022,Osun,5,15,,
1/1/2022,Oyo,4,3,,
1/1/2022,Plateau,15,36,,
1/1/2022,Rivers,4,2,,
1/1/2022,Sokoto,4,23,,
1/1/2022,Taraba,5,50,,
1/1/2022,Yobe,5,3,,
1/1/2022,Zamfara,11,236,,
2/1/2022,Abia,2,8,,
2/1/2022,Akwa Ibom,2,1,,
2/1/2022,Anambra,17,53,,
2/1/2022,Bauchi,1,0,,
2/1/2022,Bayelsa,2,6,,
2/1/2022,Benue,11,26,,
2/1/2022,Borno,17,182,,
2/1/2022,Delta,7,11,,
2/1/2022,Ebonyi,5,5,,
2/1/2022,Edo,7,17,,
2/1/2022,Ekiti,1,0,,
2/1/2022,Enugu,3,9,,
2/1/2022,Federal Capital Territory,3,2,,
2/1/2022,Gombe,2,1,,
2/1/2022,Imo,12,22,,
2/1/2022,Kaduna,20,58,,
2/1/2022,Katsina,12,95,,
2/1/2022,Kebbi,1,5,,
2/1/2022,Kogi,5,5,,
2/1/2022,Kwara,3,3,,
2/1/2022,Lagos,6,13,,
2/1/2022,Niger,20,194,,
2/1/2022,Ogun,7,8,,
2/1/2022,Ondo,2,2,,
2/1/2022,Osun,6,13,,
2/1/2022,Oyo,4,10,,
2/1/2022,Plateau,2,4,,
2/1/2022,Rivers,3,1,,
2/1/2022,Sokoto,2,3,,
2/1/2022,Taraba,2,1,,
2/1/2022,Zamfara,12,68,,
3/1/2022,Abia,3,7,,
3/1/2022,Anambra,7,4,,
3/1/2022,Bauchi,1,2,,
3/1/2022,Bayelsa,1,1,,
3/1/2022,Benue,12,45,,
3/1/2022,Borno,11,141,,
3/1/2022,Cross River,2,16,,
3/1/2022,Delta,9,16,,
3/1/2022,Ebonyi,4,10,,
3/1/2022,Edo,8,10,,
3/1/2022,Ekiti,2,1,,
3/1/2022,Enugu,5,15,,
3/1/2022,Federal Capital Territory,8,4,,
3/1/2022,Imo,16,20,,
3/1/2022,Jigawa,2,11,,
3/1/2022,Kaduna,26,219,,
3/1/2022,Katsina,11,46,,
3/1/2022,Kebbi,4,104,,
3/1/2022,Kogi,6,5,,
3/1/2022,Kwara,3,12,,
3/1/2022,Lagos,6,6,,
3/1/2022,Niger,20,576,,
3/1/2022,Ogun,6,16,,
3/1/2022,Ondo,5,3,,
3/1/2022,Oyo,7,8,,
3/1/2022,Plateau,6,12,,
3/1/2022,Rivers,2,1,,
3/1/2022,Sokoto,2,6,,
3/1/2022,Taraba,6,39,,
3/1/2022,Zamfara,7,110,,
4/1/2022,Abia,1,0,,
4/1/2022,Akwa Ibom,3,5,,
4/1/2022,Anambra,17,30,,
4/1/2022,Bauchi,1,2,,
4/1/2022,Bayelsa,5,3,,
4/1/2022,Benue,9,55,,
4/1/2022,Borno,17,468,,
4/1/2022,Cross River,3,6,,
4/1/2022,Delta,7,8,,
4/1/2022,Ebonyi,5,35,,
4/1/2022,Edo,8,31,,
4/1/2022,Enugu,3,6,,
4/1/2022,Federal Capital Territory,2,9,,
4/1/2022,Imo,14,10,,
4/1/2022,Kaduna,24,109,,
4/1/2022,Kano,2,6,,
4/1/2022,Katsina,18,24,,
4/1/2022,Kebbi,1,2,,
4/1/2022,Kogi,4,5,,
4/1/2022,Kwara,2,4,,
4/1/2022,Lagos,5,5,,
4/1/2022,Nassarawa,2,0,,
4/1/2022,Niger,7,17,,
4/1/2022,Ogun,1,0,,
4/1/2022,Ondo,5,1,,
4/1/2022,Osun,3,5,,
4/1/2022,Oyo,4,5,,
4/1/2022,Plateau,11,137,,
4/1/2022,Rivers,8,9,,
4/1/2022,Sokoto,1,12,,
4/1/2022,Taraba,5,21,,
4/1/2022,Yobe,2,13,,
4/1/2022,Zamfara,6,73,,
5/1/2022,Abia,5,9,,
5/1/2022,Adamawa,4,8,,
5/1/2022,Akwa Ibom,5,6,,
5/1/2022,Anambra,22,34,,
5/1/2022,Bauchi,4,9,,
5/1/2022,Bayelsa,3,6,,
5/1/2022,Benue,4,13,,
5/1/2022,Borno,16,194,,
5/1/2022,Cross River,5,24,,
5/1/2022,Delta,7,25,,
5/1/2022,Ebonyi,7,15,,
5/1/2022,Enugu,3,2,,
5/1/2022,Federal Capital Territory,7,7,,
5/1/2022,Gombe,1,3,,
5/1/2022,Imo,8,25,,
5/1/2022,Kaduna,12,25,,
5/1/2022,Kano,1,7,,
5/1/2022,Katsina,7,27,,
5/1/2022,Kogi,6,6,,
5/1/2022,Kwara,4,7,,
5/1/2022,Lagos,3,9,,
5/1/2022,Nassarawa,2,2,,
5/1/2022,Niger,15,24,,
5/1/2022,Ogun,4,4,,
5/1/2022,Ondo,5,3,,
5/1/2022,Osun,1,0,,
5/1/2022,Oyo,2,3,,
5/1/2022,Plateau,1,8,,
5/1/2022,Rivers,4,2,,
5/1/2022,Sokoto,2,12,,
5/1/2022,Taraba,2,40,,
5/1/2022,Zamfara,5,118,,
6/1/2022,Abia,7,5,,
6/1/2022,Adamawa,1,0,,
6/1/2022,Anambra,11,16,,
6/1/2022,Bauchi,3,5,,
6/1/2022,Bayelsa,6,7,,
6/1/2022,Benue,11,70,,
6/1/2022,Borno,11,118,,
6/1/2022,Cross River,2,8,,
6/1/2022,Delta,7,12,,
6/1/2022,Ebonyi,4,19,,
6/1/2022,Edo,7,15,,
6/1/2022,Ekiti,2,1,,
6/1/2022,Enugu,12,20,,
6/1/2022,Federal Capital Territory,4,3,,
6/1/2022,Gombe,1,1,,
6/1/2022,Imo,4,5,,
6/1/2022,Kaduna,12,45,,
6/1/2022,Kano,2,0,,
6/1/2022,Katsina,6,7,,
6/1/2022,Kebbi,1,38,,
6/1/2022,Kogi,9,30,,
6/1/2022,Kwara,1,2,,
6/1/2022,Niger,6,106,,
6/1/2022,Ogun,2,2,,
6/1/2022,Ondo,4,50,,
6/1/2022,Osun,4,2,,
6/1/2022,Oyo,2,2,,
6/1/2022,Plateau,4,2,,
6/1/2022,Sokoto,4,12,,
6/1/2022,Taraba,1,0,,
6/1/2022,Zamfara,8,8,,
7/1/2022,Abia,5,6,,
7/1/2022,Adamawa,3,4,,
7/1/2022,Akwa Ibom,1,0,,
7/1/2022,Anambra,4,15,,
7/1/2022,Bauchi,4,2,,
7/1/2022,Bayelsa,2,1,,
7/1/2022,Benue,3,8,,
7/1/2022,Borno,5,65,,
7/1/2022,Cross River,2,6,,
7/1/2022,Delta,7,14,,
7/1/2022,Ebonyi,0,0,,
7/1/2022,Edo,8,8,,
7/1/2022,Ekiti,1,0,,
7/1/2022,Enugu,9,2,,
7/1/2022,Federal Capital Territory,5,45,,
7/1/2022,Gombe,0,0,,
7/1/2022,Imo,5,8,,
7/1/2022,Jigawa,1,2,,
7/1/2022,Kaduna,15,17,,
7/1/2022,Kano,0,0,,
7/1/2022,Katsina,11,77,,
7/1/2022,Kebbi,0,0,,
7/1/2022,Kogi,3,0,,
7/1/2022,Kwara,3,3,,
7/1/2022,Lagos,2,1,,
7/1/2022,Nassarawa,0,0,,
7/1/2022,Niger,4,26,,
7/1/2022,Ogun,2,1,,
7/1/2022,Ondo,3,2,,
7/1/2022,Osun,7,3,,
7/1/2022,Oyo,3,0,,
7/1/2022,Plateau,8,38,,
7/1/2022,Rivers,3,2,,
7/1/2022,Sokoto,2,20,,
7/1/2022,Taraba,2,9,,
7/1/2022,Yobe,1,1,,
7/1/2022,Zamfara,4,27,,
8/1/2022,Abia,4,4,,
8/1/2022,Adamawa,1,1,,
8/1/2022,Akwa Ibom,0,0,,
8/1/2022,Anambra,4,2,,
8/1/2022,Bauchi,2,5,,
8/1/2022,Bayelsa,2,2,,
8/1/2022,Benue,1,6,,
8/1/2022,Borno,10,133,,
8/1/2022,Cross River,2,2,,
8/1/2022,Delta,7,9,,
8/1/2022,Ebonyi,2,5,,
8/1/2022,Edo,5,8,,
8/1/2022,Ekiti,2,1,,
8/1/2022,Enugu,1,1,,
8/1/2022,Federal Capital Territory,2,1,,
8/1/2022,Gombe,2,4,,
8/1/2022,Imo,9,17,,
8/1/2022,Jigawa,1,1,,
8/1/2022,Kaduna,11,83,,
8/1/2022,Kano,0,0,,
8/1/2022,Katsina,12,68,,
8/1/2022,Kebbi,1,3,,
8/1/2022,Kogi,6,12,,
8/1/2022,Kwara,5,11,,
8/1/2022,Lagos,8,10,,
8/1/2022,Nassarawa,0,0,,
8/1/2022,Niger,2,41,,
8/1/2022,Ogun,2,2,,
8/1/2022,Ondo,2,0,,
8/1/2022,Osun,6,6,,
8/1/2022,Oyo,0,0,,
8/1/2022,Plateau,4,13,,
8/1/2022,Rivers,2,1,,
8/1/2022,Sokoto,0,0,,
8/1/2022,Taraba,4,23,,
8/1/2022,Yobe,1,1,,
8/1/2022,Zamfara,1,1,,
9/1/2022,Abia,1,0,,
9/1/2022,Adamawa,0,0,,
9/1/2022,Akwa Ibom,1,0,,
9/1/2022,Anambra,4,17,,
9/1/2022,Bauchi,2,1,,
9/1/2022,Bayelsa,1,2,,
9/1/2022,Benue,8,33,,
9/1/2022,Borno,10,298,,
9/1/2022,Cross River,1,2,,
9/1/2022,Delta,3,3,,
9/1/2022,Ebonyi,2,3,,
9/1/2022,Edo,4,6,,
9/1/2022,Ekiti,1,1,,
9/1/2022,Enugu,6,11,,
9/1/2022,Federal Capital Territory,2,3,,
9/1/2022,Gombe,1,0,,
9/1/2022,Imo,4,4,,
9/1/2022,Jigawa,0,0,,
9/1/2022,Kaduna,11,33,,
9/1/2022,Kano,1,2,,
9/1/2022,Katsina,7,15,,
9/1/2022,Kebbi,0,0,,
9/1/2022,Kogi,4,10,,
9/1/2022,Kwara,2,3,,
9/1/2022,Lagos,4,3,,
9/1/2022,Nassarawa,0,0,,
9/1/2022,Niger,2,5,,
9/1/2022,Ogun,3,3,,
9/1/2022,Ondo,3,1,,
9/1/2022,Osun,0,0,,
9/1/2022,Oyo,3,4,,
9/1/2022,Plateau,10,13,,
9/1/2022,Rivers,7,9,,
9/1/2022,Sokoto,0,0,,
9/1/2022,Taraba,1,0,,
9/1/2022,Yobe,1,40,,
9/1/2022,Zamfara,7,117,,
10/1/2022,Abia,1,1,,
10/1/2022,Adamawa,0,0,,
10/1/2022,Akwa Ibom,2,3,,
10/1/2022,Anambra,5,3,,
10/1/2022,Bauchi,1,3,,
10/1/2022,Bayelsa,0,0,,
10/1/2022,Benue,8,59,,
10/1/2022,Borno,7,81,,
10/1/2022,Cross River,3,12,,
10/1/2022,Delta,4,7,,
10/1/2022,Ebonyi,8,2,,
10/1/2022,Edo,2,10,,
10/1/2022,Ekiti,1,0,,
10/1/2022,Enugu,10,8,,
10/1/2022,Federal Capital Territory,3,2,,
10/1/2022,Gombe,0,0,,
10/1/2022,Imo,4,4,,
10/1/2022,Jigawa,2,1,,
10/1/2022,Kaduna,8,55,,
10/1/2022,Kano,1,0,,
10/1/2022,Katsina,10,48,,
10/1/2022,Kebbi,0,0,,
10/1/2022,Kogi,3,8,,
10/1/2022,Kwara,8,4,,
10/1/2022,Lagos,3,3,,
10/1/2022,Nassarawa,0,0,,
10/1/2022,Niger,4,20,,
10/1/2022,Ogun,1,2,,
10/1/2022,Ondo,1,1,,
10/1/2022,Osun,1,1,,
10/1/2022,Oyo,3,1,,
10/1/2022,Plateau,13,21,,
10/1/2022,Rivers,5,3,,
10/1/2022,Sokoto,2,3,,
10/1/2022,Taraba,1,12,,
10/1/2022,Yobe,0,0,,
10/1/2022,Zamfara,13,92,,
11/1/2022,Abia,4,19,,
11/1/2022,Adamawa,0,0,,
11/1/2022,Akwa Ibom,3,2,,
11/1/2022,Anambra,15,40,,
11/1/2022,Bauchi,2,2,,
11/1/2022,Bayelsa,0,0,,
11/1/2022,Benue,10,63,,
11/1/2022,Borno,17,189,,
11/1/2022,Cross River,5,0,,
11/1/2022,Delta,3,3,,
11/1/2022,Ebonyi,6,5,,
11/1/2022,Edo,2,0,,
11/1/2022,Ekiti,0,0,,
11/1/2022,Enugu,13,29,,
11/1/2022,Federal Capital Territory,0,0,,
11/1/2022,Gombe,1,0,,
11/1/2022,Imo,8,8,,
11/1/2022,Jigawa,1,2,,
11/1/2022,Kaduna,18,68,,
11/1/2022,Kano,1,1,,
11/1/2022,Katsina,3,44,,
11/1/2022,Kebbi,1,4,,
11/1/2022,Kogi,4,2,,
11/1/2022,Kwara,2,2,,
11/1/2022,Lagos,0,0,,
11/1/2022,Nassarawa,0,0,,
11/1/2022,Niger,9,147,,
11/1/2022,Ogun,8,4,,
11/1/2022,Ondo,4,2,,
11/1/2022,Osun,5,1,,
11/1/2022,Oyo,2,2,,
11/1/2022,Plateau,6,24,,
11/1/2022,Rivers,5,15,,
11/1/2022,Sokoto,0,0,,
11/1/2022,Taraba,0,0,,
11/1/2022,Yobe,0,0,,
11/1/2022,Zamfara,15,48,,
12/1/2022,Abia,1,0,, 
12/1/2022,Adamawa,2,4,,
12/1/2022,Akwa Ibom,2,6,,
12/1/2022,Anambra,7,3,,
12/1/2022,Bauchi,6,67,,
12/1/2022,Bayelsa,1,1,,
12/1/2022,Benue,3,3,,
12/1/2022,Borno,13,367,,
12/1/2022,Cross River,2,0,,
12/1/2022,Delta,15,22,,
12/1/2022,Ebonyi,9,23,,
12/1/2022,Edo,0,0,,
12/1/2022,Ekiti,1,2,,
12/1/2022,Enugu,3,17,,
12/1/2022,Federal Capital Territory,2,1,,
12/1/2022,Gombe,2,3,,
12/1/2022,Imo,15,13,,
12/1/2022,Jigawa,2,0,,
12/1/2022,Kaduna,29,183,,
12/1/2022,Kano,1,0,,
12/1/2022,Katsina,7,10,,
12/1/2022,Kebbi,3,4,,
12/1/2022,Kogi,5,12,,
12/1/2022,Kwara,1,0,,
12/1/2022,Lagos,7,7,,
12/1/2022,Nassarawa,0,0,,
12/1/2022,Niger,3,20,,
12/1/2022,Ogun,3,1,,
12/1/2022,Ondo,3,4,,
12/1/2022,Osun,5,1,,
12/1/2022,Oyo,2,2,,
12/1/2022,Plateau,3,3,,
12/1/2022,Rivers,8,6,,
12/1/2022,Sokoto,7,27,,
12/1/2022,Taraba,2,6,,
12/1/2022,Yobe,0,0,,
12/1/2022,Zamfara,12,660,,
1/1/2023,Abia,3,6,,
1/1/2023,Adamawa,1,0,,
1/1/2023,Akwa Ibom,0,0,,
1/1/2023,Anambra,13,20,,
1/1/2023,Bauchi,6,11,,
1/1/2023,Bayelsa,0,0,,
1/1/2023,Benue,6,30,,
1/1/2023,Borno,8,146,,
1/1/2023,Cross River,1,0,,
1/1/2023,Delta,11,22,,
1/1/2023,Ebonyi,7,11,,
1/1/2023,Edo,10,12,,
1/1/2023,Ekiti,2,0,,
1/1/2023,Enugu,3,3,,
1/1/2023,Federal Capital Territory,5,4,,
1/1/2023,Gombe,0,0,,
1/1/2023,Imo,16,35,,
1/1/2023,Jigawa,1,1,,
1/1/2023,Kaduna,17,45,,
1/1/2023,Kano,1,1,,
1/1/2023,Katsina,12,16,,
1/1/2023,Kebbi,2,14,,
1/1/2023,Kogi,2,0,,
1/1/2023,Kwara,6,9,,
1/1/2023,Lagos,7,7,,
1/1/2023,Nassarawa,0,0,,
1/1/2023,Niger,14,129,,
1/1/2023,Ogun,1,3,,
1/1/2023,Ondo,4,7,,
1/1/2023,Osun,9,7,,
1/1/2023,Oyo,2,5,,
1/1/2023,Plateau,5,2,,
1/1/2023,Rivers,5,2,,
1/1/2023,Sokoto,0,0,,
1/1/2023,Taraba,2,0,,
1/1/2023,Yobe,0,0,,
1/1/2023,Zamfara,5,6,,
2/1/2023,Abia,3,3,,
2/1/2023,Adamawa,3,11,,
2/1/2023,Akwa Ibom,1,2,,
2/1/2023,Anambra,20,54,,
2/1/2023,Bauchi,3,1,,
2/1/2023,Bayelsa,2,3,,
2/1/2023,Benue,7,47,,
2/1/2023,Borno,7,117,,
2/1/2023,Cross River,4,4,,
2/1/2023,Delta,5,8,,
2/1/2023,Ebonyi,6,5,,
2/1/2023,Edo,4,6,,
2/1/2023,Ekiti,0,0,,
2/1/2023,Enugu,2,8,,
2/1/2023,Federal Capital Territory,5,2,,
2/1/2023,Gombe,7,5,,
2/1/2023,Imo,11,3,,
2/1/2023,Jigawa,1,1,,
2/1/2023,Kaduna,11,32,,
2/1/2023,Kano,3,7,,
2/1/2023,Katsina,3,102,,
2/1/2023,Kebbi,1,5,,
2/1/2023,Kogi,4,3,,
2/1/2023,Kwara,1,1,,
2/1/2023,Lagos,11,4,,
2/1/2023,Nassarawa,0,0,,
2/1/2023,Niger,4,13,,
2/1/2023,Ogun,4,8,,
2/1/2023,Ondo,3,7,,
2/1/2023,Osun,3,10,,
2/1/2023,Oyo,4,6,,
2/1/2023,Plateau,3,5,,
2/1/2023,Rivers,6,12,,
2/1/2023,Sokoto,0,0,,
2/1/2023,Taraba,3,9,,
2/1/2023,Yobe,0,0,,
2/1/2023,Zamfara,1,2,,
3/1/2023,Abia,2,10,,
3/1/2023,Adamawa,0,0,,
3/1/2023,Akwa Ibom,0,0,,
3/1/2023,Anambra,6,13,,
3/1/2023,Bauchi,4,4,,
3/1/2023,Bayelsa,4,3,,
3/1/2023,Benue,14,85,,
3/1/2023,Borno,17,591,,
3/1/2023,Cross River,4,1,,
3/1/2023,Delta,6,14,,
3/1/2023,Ebonyi,5,8,,
3/1/2023,Edo,6,7,,
3/1/2023,Ekiti,0,0,,
3/1/2023,Enugu,5,7,,
3/1/2023,Federal Capital Territory,2,0,,
3/1/2023,Gombe,0,0,,
3/1/2023,Imo,3,3,,
3/1/2023,Jigawa,0,0,,
3/1/2023,Kaduna,21,66,,
3/1/2023,Kano,3,3,,
3/1/2023,Katsina,10,39,,
3/1/2023,Kebbi,0,0,,
3/1/2023,Kogi,4,0,,
3/1/2023,Kwara,3,2,,
3/1/2023,Lagos,7,7,,
3/1/2023,Nassarawa,2,2,,
3/1/2023,Niger,14,156,,
3/1/2023,Ogun,9,6,,
3/1/2023,Ondo,2,0,,
3/1/2023,Osun,4,3,,
3/1/2023,Oyo,5,5,,
3/1/2023,Plateau,2,4,,
3/1/2023,Rivers,8,17,,
3/1/2023,Sokoto,2,5,,
3/1/2023,Taraba,4,17,,
3/1/2023,Yobe,0,0,,
3/1/2023,Zamfara,9,79,,
